Rank;Sourceid;Title;Type;Issn;SJR;SJR Quartile;H index;Total Docs. (2006);Total Docs. (3years);Total Refs.;Total Cites (3years);Citable Docs. (3years);Cites / Doc. (2years);Ref. / Doc.;Country;Publisher;Categories
1;14317;"Brain";journal;"14602156, 00068950";4,523;Q1;296;329;816;16840;7088;721;8,84;51,19;United Kingdom;"Oxford University Press";"Medicine (miscellaneous) (Q1); Neurology (clinical) (Q1)"
2;14179;"Annals of Neurology";journal;"03645134, 15318249";4,253;Q1;266;303;963;8429;7087;758;9,36;27,82;United States;"John Wiley & Sons Inc.";"Neurology (Q1); Neurology (clinical) (Q1)"
3;14351;"Brain Research Reviews";journal;"01650173";3,527;Q1;180;39;242;7018;1869;239;6,62;179,95;Netherlands;"Elsevier BV";"Neurology (clinical) (Q1); Neuroscience (miscellaneous) (Q1)"
4;20618;"Stroke";journal;"15244628, 00392499";3,426;Q1;285;683;1993;14857;11614;1604;6,65;21,75;United States;"Lippincott Williams & Wilkins Ltd.";"Advanced and Specialized Nursing (Q1); Cardiology and Cardiovascular Medicine (Q1); Medicine (miscellaneous) (Q1); Neurology (clinical) (Q1); Neuroscience (miscellaneous) (Q1)"
5;21100228519;"JAMA Neurology";journal;"21686149, 21686157";2,596;Q1;203;337;930;6597;4913;763;5,79;19,58;United States;"American Medical Association";"Neurology (clinical) (Q1)"
6;23985;"Neurobiology of Aging";journal;"01974580";2,577;Q1;159;215;474;10893;2650;441;5,44;50,67;Netherlands;"Elsevier BV";"Aging (Q1); Developmental Biology (Q1); Geriatrics and Gerontology (Q1); Neurology (clinical) (Q1); Neuroscience (miscellaneous) (Q1)"
7;16101;"Human Brain Mapping";journal;"10659471, 10970193";2,520;Q1;166;91;248;4533;1301;242;5,09;49,81;United States;"John Wiley & Sons Inc.";"Anatomy (Q1); Neurology (Q1); Neurology (clinical) (Q1); Radiological and Ultrasound Technology (Q1); Radiology, Nuclear Medicine and Imaging (Q1)"
8;16761;"Journal of Neuropathology and Experimental Neurology";journal;"00223069";2,517;Q1;149;129;348;6160;1867;342;5,05;47,75;United Kingdom;"Oxford University Press";"Cellular and Molecular Neuroscience (Q1); Medicine (miscellaneous) (Q1); Neurology (Q1); Neurology (clinical) (Q1); Pathology and Forensic Medicine (Q1)"
9;18148;"Pain";journal;"03043959";2,495;Q1;229;299;1030;11127;6124;906;6,42;37,21;Netherlands;"Lippincott Williams & Wilkins Ltd.";"Anesthesiology and Pain Medicine (Q1); Neurology (Q1); Neurology (clinical) (Q1); Pharmacology (Q1)"
10;17952;"Neurology";journal;"00283878";2,448;Q1;322;1430;3903;23633;18072;3157;5,43;16,53;United States;"Lippincott Williams & Wilkins Ltd.";"Neurology (clinical) (Q1)"
11;16667;"Journal of Cerebral Blood Flow and Metabolism";journal;"0271678";2,330;Q1;170;150;469;7683;2544;451;5,30;51,22;United States;"SAGE Publications Inc.";"Cardiology and Cardiovascular Medicine (Q1); Neurology (Q1); Neurology (clinical) (Q1)"
12;14344;"Brain Pathology";journal;"10156305";2,233;Q1;119;47;196;2345;971;181;5,51;49,89;United States;"Wiley-Blackwell";"Neurology (clinical) (Q1); Neuroscience (miscellaneous) (Q1); Pathology and Forensic Medicine (Q1)"
13;19830;"Sleep";journal;"01618105";2,148;Q1;175;208;602;7663;2777;455;5,84;36,84;United States;"Oxford University Press";"Neurology (clinical) (Q1); Physiology (medical) (Q1)"
14;18059;"Neuroscientist";journal;"10738584";2,090;Q1;107;79;284;3482;891;221;4,40;44,08;United States;"Sage Science Press";"Neurology (clinical) (Q1); Neuroscience (miscellaneous) (Q1)"
15;14993;"Current Opinion in Neurology";journal;"13507540, 14736551";1,940;Q1;107;97;333;4263;1681;298;5,76;43,95;United States;"Lippincott Williams & Wilkins Ltd.";"Neurology (Q1); Neurology (clinical) (Q1)"
16;5100155080;"Neurotherapeutics";journal;"19337213";1,932;Q1;96;53;109;4821;632;99;6,38;90,96;United States;"Springer New York LLC";"Neurology (clinical) (Q1); Pharmacology (Q1); Pharmacology (medical) (Q1)"
17;16860;"The Lancet Neurology";journal;"14744422";1,931;Q1;240;242;641;7984;2876;568;4,57;32,99;United Kingdom;"The Lancet Publishing Group";"Neurology (clinical) (Q1)"
18;19837;"Sleep Medicine Reviews";journal;"10870792";1,824;Q1;116;38;125;2571;701;90;7,30;67,66;United Kingdom;"Elsevier Ltd.";"Neurology (Q1); Neurology (clinical) (Q1); Physiology (medical) (Q1); Pulmonary and Respiratory Medicine (Q1)"
19;14959;"Critical Reviews in Neurobiology";journal;"08920915";1,719;Q1;57;20;40;902;148;38;3,81;45,10;United States;"Begell House";"Neurology (clinical) (Q1); Neuroscience (miscellaneous) (Q1); Physiology (Q1); Physiology (medical) (Q1)"
20;12499;"Neuro-Oncology";journal;"15228517";1,613;Q1;94;33;99;1083;453;94;4,51;32,82;United States;"Oxford University Press";"Neurology (clinical) (Q1); Oncology (Q1); Cancer Research (Q2)"
21;17407;"Movement Disorders";journal;"15318257, 08853185";1,609;Q1;166;493;1062;12585;3517;882;3,70;25,53;United States;"John Wiley & Sons Inc.";"Neurology (Q1); Neurology (clinical) (Q1)"
22;16757;"Journal of Neurology, Neurosurgery and Psychiatry";journal;"1468330, 00223050";1,601;Q1;182;427;1474;7685;4702;1112;4,23;18,00;United Kingdom;"BMJ Publishing Group";"Neurology (clinical) (Q1); Psychiatry and Mental Health (Q1); Surgery (Q1)"
23;13068;"Spine";journal;"03622436";1,536;Q1;224;775;1933;20239;5923;1666;3,07;26,11;United States;"Lippincott Williams & Wilkins Ltd.";"Neurology (clinical) (Q1); Orthopedics and Sports Medicine (Q1); Sports Science (Q1)"
24;15510;"Epilepsia";journal;"00139580, 15281167";1,523;Q1;168;415;1065;11892;3700;973;3,66;28,66;United Kingdom;"Blackwell Publishing Inc.";"Neurology (Q1); Neurology (clinical) (Q1)"
25;20028;"American Journal of Neuroradiology";journal;"01956108";1,468;Q1;158;493;1338;10093;3844;1136;2,96;20,47;United States;"American Society of Neuoradiology";"Medicine (miscellaneous) (Q1); Neurology (clinical) (Q1); Radiology, Nuclear Medicine and Imaging (Q1)"
26;20106;"CNS Drugs";journal;"11727047";1,443;Q1;96;91;271;6204;1365;245;5,30;68,18;United Kingdom;"Adis International Ltd.";"Neurology (clinical) (Q1); Pharmacology (medical) (Q1); Psychiatry and Mental Health (Q1)"
27;14900;"Clinical Neurophysiology";journal;"13882457";1,394;Q1;157;315;904;12851;2932;864;3,21;40,80;Netherlands;"Elsevier BV";"Neurology (Q1); Neurology (clinical) (Q1); Sensory Systems (Q1); Physiology (medical) (Q2)"
28;15576;"European Neuropsychopharmacology";journal;"0924977";1,382;Q1;96;91;258;4338;982;253;4,05;47,67;Netherlands;"Elsevier BV";"Neurology (Q1); Neurology (clinical) (Q1); Pharmacology (Q1); Pharmacology (medical) (Q1); Psychiatry and Mental Health (Q1); Biological Psychiatry (Q2)"
29;17976;"Neuromuscular Disorders";journal;"09608966";1,380;Q1;85;124;308;2717;857;290;2,96;21,91;Netherlands;"Elsevier BV";"Neurology (Q1); Neurology (clinical) (Q1); Pediatrics, Perinatology and Child Health (Q1); Genetics (clinical) (Q2)"
30;14841;"Cephalalgia";journal;"14682982, 03331024";1,370;Q1;111;235;488;6554;1696;414;4,20;27,89;United States;"SAGE Publications";"Medicine (miscellaneous) (Q1); Neurology (clinical) (Q1)"
31;17552;"Acta Neuropathologica";journal;"14320533, 00016322";1,369;Q1;136;160;464;5848;1351;437;3,02;36,55;Germany;"Springer Verlag";"Neurology (clinical) (Q1); Pathology and Forensic Medicine (Q1); Cellular and Molecular Neuroscience (Q2)"
32;16749;"Journal of Neuroimmunology";journal;"01655728";1,350;Q1;127;246;838;10586;2723;814;3,29;43,03;Netherlands;"Elsevier BV";"Immunology and Allergy (Q1); Neurology (Q1); Neurology (clinical) (Q1); Immunology (Q2)"
33;18069;"Neurosurgery";journal;"0148396";1,348;Q1;176;1333;1850;18798;3732;1221;2,69;14,10;United States;"Lippincott Williams & Wilkins Ltd.";"Neurology (clinical) (Q1); Surgery (Q1)"
34;17990;"Neuropathology and Applied Neurobiology";journal;"03051846, 13652990";1,341;Q1;82;71;197;2548;589;182;2,78;35,89;United Kingdom;"Blackwell Publishing Inc.";"Histology (Q1); Neurology (Q1); Neurology (clinical) (Q1); Pathology and Forensic Medicine (Q1); Physiology (medical) (Q2)"
35;12235;"Journal of Neurotrauma";journal;"08977151";1,323;Q1;127;150;374;8197;1445;369;3,75;54,65;United States;"Mary Ann Liebert Inc.";"Neurology (clinical) (Q1)"
36;14945;"Cortex";journal;"00109452";1,323;Q1;93;148;282;5448;631;228;2,46;36,81;France;"Masson Publishing";"Developmental and Educational Psychology (Q1); Neurology (Q1); Neurology (clinical) (Q1); Neuropsychology and Physiological Psychology (Q1); Cognitive Neuroscience (Q2); Experimental and Cognitive Psychology (Q2)"
37;17494;"Neuroepidemiology";journal;"02515350, 14230208";1,304;Q1;74;55;175;1782;470;158;2,85;32,40;Switzerland;"S. Karger AG";"Neurology (clinical) (Q1); Epidemiology (Q2)"
38;15987;"Journal of Pain";journal;"15265900";1,292;Q1;102;130;242;5296;882;226;3,77;40,74;United States;"Churchill Livingstone";"Anesthesiology and Pain Medicine (Q1); Neurology (Q1); Neurology (clinical) (Q1)"
39;17408;"Multiple Sclerosis";journal;"13524585, 14770970";1,272;Q1;106;125;379;3684;1205;347;3,29;29,47;United States;"SAGE Publications";"Neurology (Q1); Neurology (clinical) (Q1)"
40;16767;"Journal of Neurosurgery";journal;"00223085";1,267;Q1;184;574;1750;12504;4431;1486;2,48;21,78;United States;"American Association of Neurological Surgeons";"Neurology (clinical) (Q1); Surgery (Q1)"
41;16188;"Journal of the International Neuropsychological Society";journal;"14697661, 13556177";1,257;Q1;111;99;284;4380;847;272;2,65;44,24;United Kingdom;"Cambridge University Press";"Clinical Psychology (Q1); Neurology (clinical) (Q1); Psychiatry and Mental Health (Q1); Neuroscience (miscellaneous) (Q2)"
42;14853;"Cerebellum";journal;"14734222, 14734230";1,253;Q1;57;43;105;2035;251;100;2,25;47,33;United States;"Springer New York";"Medicine (miscellaneous) (Q1); Neurology (Q1); Neurology (clinical) (Q1)"
43;14880;"Clinical Journal of Pain";journal;"07498047";1,234;Q1;113;124;198;4670;744;182;3,41;37,66;United States;"Lippincott Williams & Wilkins Ltd.";"Anesthesiology and Pain Medicine (Q1); Neurology (clinical) (Q1)"
44;16751;"Journal of Neurology";journal;"03405354";1,231;Q1;118;368;932;9423;2249;610;3,45;25,61;Germany;"Dr. Dietrich Steinkopff Verlag";"Neurology (clinical) (Q1); Neurology (Q2)"
45;14314;"Otology and Neurotology";journal;"15317129";1,220;Q1;90;218;608;4350;997;552;1,67;19,95;United States;"Lippincott Williams & Wilkins Ltd.";"Medicine (miscellaneous) (Q1); Neurology (clinical) (Q1); Otorhinolaryngology (Q1); Sensory Systems (Q2)"
46;15300154855;"Journal of Neural Transmission";journal;"03009564";1,200;Q1;96;182;380;8621;1256;377;3,38;47,37;Germany;"Springer Verlag";"Neurology (clinical) (Q1); Psychiatry and Mental Health (Q1); Biological Psychiatry (Q2); Neurology (Q2)"
47;16675;"Journal of Clinical Neurophysiology";journal;"07360258";1,194;Q1;91;75;161;2316;453;152;3,08;30,88;United States;"Lippincott Williams & Wilkins Ltd.";"Medicine (miscellaneous) (Q1); Neurology (clinical) (Q1); Neurology (Q2); Physiology (Q2); Physiology (medical) (Q2)"
48;16790;"Journal of Pain and Symptom Management";journal;"08853924";1,191;Q1;124;170;507;4465;1507;386;3,58;26,26;Netherlands;"Elsevier BV";"Anesthesiology and Pain Medicine (Q1); Neurology (clinical) (Q1); Nursing (miscellaneous) (Q1)"
49;14897;"Journal of Electromyography and Kinesiology";journal;"10506411";1,183;Q1;85;71;194;2765;566;192;2,25;38,94;Netherlands;"Elsevier BV";"Biophysics (Q1); Neurology (clinical) (Q1); Sports Science (Q1); Neuroscience (miscellaneous) (Q2)"
50;12266;"Journal of Spinal Disorders and Techniques";journal;"15360652, 15392465";1,177;Q1;82;120;314;2706;697;300;1,75;22,55;United States;"Lippincott Williams & Wilkins Ltd.";"Neurology (clinical) (Q1); Orthopedics and Sports Medicine (Q1); Surgery (Q1)"
51;15771;"Muscle and Nerve";journal;"10974598, 0148639";1,160;Q1;129;216;643;7964;1957;584;3,04;36,87;United States;"John Wiley & Sons Inc.";"Neurology (clinical) (Q1); Physiology (Q2); Physiology (medical) (Q2); Cellular and Molecular Neuroscience (Q3)"
52;13070;"Spine Journal";journal;"15299430";1,148;Q1;88;149;387;3663;938;291;3,39;24,58;Netherlands;"Elsevier BV";"Neurology (clinical) (Q1); Surgery (Q1)"
53;33648;"Neurorehabilitation and Neural Repair";journal;"15459683";1,147;Q1;87;35;120;1151;309;108;2,20;32,89;United States;"Sage Science Press";"Neurology (clinical) (Q1); Rehabilitation (Q1); Neurology (Q2)"
54;14346;"Brain Research";journal;"00068993";1,144;Q1;183;1407;3092;64249;8382;3066;2,65;45,66;Netherlands;"Elsevier BV";"Neurology (clinical) (Q1); Developmental Biology (Q2); Neuroscience (miscellaneous) (Q2); Molecular Biology (Q3)"
55;14987;"Developmental Medicine and Child Neurology";journal;"00121622, 14698749";1,126;Q1;125;230;497;4769;1197;387;2,76;20,73;United States;"Wiley-Blackwell";"Neurology (clinical) (Q1); Pediatrics, Perinatology and Child Health (Q1); Developmental Neuroscience (Q2)"
56;13163;"Epilepsy and Behavior";journal;"15255050, 15255069";1,119;Q1;88;212;544;7858;1419;497;2,71;37,07;United States;"Elsevier Inc.";"Neurology (clinical) (Q1); Behavioral Neuroscience (Q2); Neurology (Q2)"
57;16820;"Journal of the Neurological Sciences";journal;"0022510";1,115;Q1;120;320;739;9672;2030;698;2,83;30,23;Netherlands;"Elsevier BV";"Neurology (clinical) (Q1); Neurology (Q2)"
58;20041;"Neurourology and Urodynamics";journal;"15206777, 07332467";1,112;Q1;79;119;265;2269;619;225;2,59;19,07;United States;"John Wiley & Sons Inc.";"Neurology (clinical) (Q1); Urology (Q1)"
59;19228;"Restorative Neurology and Neuroscience";journal;"09226028";1,091;Q1;67;39;88;2331;326;84;3,57;59,77;Netherlands;"IOS Press";"Neurology (clinical) (Q1); Developmental Neuroscience (Q2); Neurology (Q2)"
60;16762;"Journal of Neuropsychiatry and Clinical Neurosciences";journal;"15457222, 08950172";1,057;Q1;97;90;240;2575;567;185;2,60;28,61;United States;"American Psychiatric Publishing, Inc.";"Medicine (miscellaneous) (Q1); Neurology (clinical) (Q1); Psychiatry and Mental Health (Q1)"
61;15514;"Epilepsy Research";journal;"09201211";1,045;Q1;104;187;293;6340;883;287;2,59;33,90;Netherlands;"Elsevier BV";"Neurology (clinical) (Q1); Neurology (Q2)"
62;16785;"Journal of NeuroVirology";journal;"13550284, 15382443";1,029;Q1;76;57;248;2224;700;238;2,42;39,02;United Kingdom;"Taylor and Francis Ltd";"Neurology (clinical) (Q1); Neurology (Q2); Virology (Q2); Cellular and Molecular Neuroscience (Q3)"
63;12736;"Journal of Clinical and Experimental Neuropsychology";journal;"1744411, 13803395";1,020;Q1;94;102;262;4851;623;259;1,90;47,56;United Kingdom;"Taylor & Francis";"Clinical Psychology (Q1); Neurology (clinical) (Q1); Neurology (Q2)"
64;17500155152;"American Journal on Intellectual and Developmental Disabilities";journal;"19447515, 19447558";1,010;Q1;74;41;126;1541;259;118;2,00;37,59;United States;"American Association on Intellectual and Developmental Disabilities";"Arts and Humanities (miscellaneous) (Q1); Medicine (miscellaneous) (Q1); Neurology (clinical) (Q1); Pediatrics, Perinatology and Child Health (Q1); Psychiatry and Mental Health (Q1); Developmental and Educational Psychology (Q2); Neuropsychology and Physiological Psychology (Q2)"
65;16075;"Headache";journal;"15264610, 00178748";1,009;Q1;105;389;691;6570;1653;477;3,48;16,89;United Kingdom;"Blackwell Publishing Inc.";"Neurology (clinical) (Q1); Neurology (Q2)"
66;14857;"Cerebrovascular Diseases";journal;"10159770, 14219786";1,003;Q1;92;183;544;5561;1307;494;2,36;30,39;Switzerland;"S. Karger AG";"Cardiology and Cardiovascular Medicine (Q1); Medicine (miscellaneous) (Q1); Neurology (clinical) (Q1); Neurology (Q2)"
67;15549;"European Journal of Neurology";journal;"13515101, 14681331";1,000;Q1;109;304;475;9039;1229;397;3,00;29,73;United Kingdom;"Blackwell Publishing Inc.";"Neurology (clinical) (Q1); Neurology (Q2)"
68;130034;"Current Alzheimer Research";journal;"15672050";0,990;Q1;74;68;98;5062;286;93;3,08;74,44;United Arab Emirates;"Bentham Science Publishers";"Neurology (clinical) (Q1); Neurology (Q2)"
69;21100235630;"Amyotrophic Lateral Sclerosis and Frontotemporal Degeneration";journal;"21678421, 21679223";0,989;Q2;60;71;219;1305;394;191;1,51;18,38;United Kingdom;"Informa Healthcare";"Medicine (miscellaneous) (Q1); Neurology (Q2); Neurology (clinical) (Q2)"
70;16726;"Journal of Intellectual Disability Research";journal;"13652788, 09642633";0,981;Q2;89;96;249;3386;501;228;1,81;35,27;United Kingdom;"Blackwell Publishing Inc.";"Arts and Humanities (miscellaneous) (Q1); Rehabilitation (Q1); Neurology (Q2); Neurology (clinical) (Q2); Psychiatry and Mental Health (Q2)"
71;17309;"Neuroradiology";journal;"14321920, 00283940";0,971;Q2;86;134;466;3037;1083;447;2,18;22,66;Germany;"Springer Verlag";"Cardiology and Cardiovascular Medicine (Q1); Radiology, Nuclear Medicine and Imaging (Q1); Neurology (clinical) (Q2)"
72;17468;"Neurocase";journal;"13554794, 14653656";0,945;Q2;58;44;152;1636;270;150;1,67;37,18;United Kingdom;"Taylor & Francis";"Arts and Humanities (miscellaneous) (Q1); Neurology (clinical) (Q2)"
73;18572;"Parkinsonism and Related Disorders";journal;"13538020";0,930;Q2;79;97;258;3284;606;245;2,60;33,86;Netherlands;"Elsevier BV";"Geriatrics and Gerontology (Q1); Neurology (Q2); Neurology (clinical) (Q2)"
74;21911;"Journal of Neurosurgical Anesthesiology";journal;"08984921";0,918;Q2;55;167;188;1453;342;153;2,36;8,70;United States;"Lippincott Williams & Wilkins Ltd.";"Anesthesiology and Pain Medicine (Q1); Surgery (Q1); Neurology (clinical) (Q2)"
75;29549;"Journal of Geriatric Psychiatry and Neurology";journal;"08919887";0,913;Q2;62;35;114;1278;274;110;2,59;36,51;United States;"SAGE Publications";"Geriatrics and Gerontology (Q1); Neurology (clinical) (Q2); Psychiatry and Mental Health (Q2)"
76;29954;"Journal of Neuro-Oncology";journal;"15737373, 0167594";0,892;Q2;102;246;622;6866;1642;552;2,44;27,91;Netherlands;"Kluwer Academic Publishers";"Cancer Research (Q2); Neurology (Q2); Neurology (clinical) (Q2); Oncology (Q2)"
77;17548;"Acta Neurologica Scandinavica";journal;"00016314, 16000404";0,877;Q2;84;178;432;5726;1020;398;2,57;32,17;United Kingdom;"Blackwell Publishing Inc.";"Medicine (miscellaneous) (Q1); Neurology (Q2); Neurology (clinical) (Q2)"
78;16737;"Journal of Neural Transmission, Supplement";journal;"03036995";0,868;Q2;63;100;78;3760;190;75;2,42;37,60;Germany;"Springer Verlag";"Neurology (Q2); Neurology (clinical) (Q2); Psychiatry and Mental Health (Q2); Biological Psychiatry (Q3)"
79;14352;"Brain Topography";journal;"08960267, 15736792";0,850;Q2;60;19;75;885;146;74;1,50;46,58;United States;"Kluwer Academic/Plenum Publishers";"Radiological and Ultrasound Technology (Q1); Radiology, Nuclear Medicine and Imaging (Q1); Anatomy (Q2); Neurology (Q2); Neurology (clinical) (Q2)"
80;145172;"Behavioral Sleep Medicine";journal;"15402002, 15402010";0,841;Q2;38;16;47;704;118;46;2,10;44,00;United States;"Lawrence Erlbaum Associates Inc.";"Medicine (miscellaneous) (Q1); Psychology (miscellaneous) (Q1); Neurology (clinical) (Q2); Neuroscience (miscellaneous) (Q2)"
81;18500161700;"Pain Medicine";journal;"15264637, 15262375";0,828;Q2;81;118;183;3038;444;128;3,41;25,75;United Kingdom;"Oxford University Press";"Anesthesiology and Pain Medicine (Q1); Medicine (miscellaneous) (Q1); Neurology (clinical) (Q2)"
82;16747;"Journal of Neuroimaging";journal;"10512284";0,821;Q2;56;56;194;1427;412;184;2,36;25,48;United States;"Wiley-Blackwell";"Medicine (miscellaneous) (Q1); Radiology, Nuclear Medicine and Imaging (Q1); Neurology (clinical) (Q2)"
83;14874;"Child's Nervous System";journal;"14330350, 02567040";0,818;Q2;72;269;474;6995;752;416;1,53;26,00;Germany;"Springer Verlag";"Medicine (miscellaneous) (Q1); Pediatrics, Perinatology and Child Health (Q1); Neurology (clinical) (Q2)"
84;16102;"Human Psychopharmacology";journal;"08856222, 10991077";0,815;Q2;68;62;244;2272;631;220;3,15;36,65;United States;"John Wiley & Sons Inc.";"Neurology (Q2); Neurology (clinical) (Q2); Pharmacology (medical) (Q2); Psychiatry and Mental Health (Q2)"
85;14258;"BMC Neurology";journal;"14712377";0,812;Q2;59;49;56;1592;135;55;2,48;32,49;United Kingdom;"BioMed Central";"Medicine (miscellaneous) (Q1); Neurology (clinical) (Q2)"
86;16760;"Journal of Neurology, Supplement";journal;"09391517";0,809;Q2;52;0;80;0;219;76;2,70;0,00;Germany;"Springer Verlag";"Neurology (Q2); Neurology (clinical) (Q2)"
87;16834;"Journal of the Peripheral Nervous System";journal;"10859489, 15298027";0,807;Q2;60;49;121;1439;228;88;2,65;29,37;United Kingdom;"Blackwell Publishing Inc.";"Medicine (miscellaneous) (Q1); Neurology (clinical) (Q2); Neuroscience (miscellaneous) (Q2)"
88;14386;"CNS Spectrums";journal;"10928529";0,803;Q2;69;169;517;5692;868;368;2,00;33,68;United Kingdom;"Cambridge University Press";"Neurology (clinical) (Q2); Psychiatry and Mental Health (Q2)"
89;17947;"Neurologist";journal;"10747931";0,803;Q2;53;52;126;2683;300;113;2,52;51,60;United States;"Lippincott Williams & Wilkins Ltd.";"Medicine (miscellaneous) (Q1); Neurology (clinical) (Q2)"
90;20602;"Clinical Neuropharmacology";journal;"03625664";0,801;Q2;72;64;205;1832;570;184;3,19;28,63;United States;"Lippincott Williams & Wilkins Ltd.";"Neurology (clinical) (Q2); Pharmacology (Q2); Pharmacology (medical) (Q2)"
91;19384;"Seminars in Neurology";journal;"10989021, 02718235";0,796;Q2;63;65;159;3738;413;128;3,39;57,51;United States;"Thieme Medical Publishers";"Neurology (Q2); Neurology (clinical) (Q2)"
92;14320;"Brain and Development";journal;"03877604";0,791;Q2;74;132;365;2540;686;344;1,88;19,24;Netherlands;"Elsevier BV";"Medicine (miscellaneous) (Q1); Pediatrics, Perinatology and Child Health (Q1); Developmental Neuroscience (Q2); Neurology (clinical) (Q2)"
93;17940;"Neurological Research";journal;"01616412";0,787;Q2;70;132;436;5925;918;427;1,95;44,89;United Kingdom;"Maney Publishing";"Medicine (miscellaneous) (Q1); Neurology (clinical) (Q2); Neurology (Q3)"
94;16202;"International Review of Neurobiology";book series;"00747742";0,787;Q2;69;87;172;5480;302;163;1,66;62,99;United States;"Elsevier Inc.";"Neurology (clinical) (Q2); Cellular and Molecular Neuroscience (Q4)"
95;26169;"Journal of Orofacial Pain";journal;"10646655";0,770;Q2;59;36;137;1156;265;123;2,05;32,11;United States;"Quintessence Publishing Company";"Anesthesiology and Pain Medicine (Q1); Dentistry (miscellaneous) (Q1); Neurology (clinical) (Q2)"
96;14843;"Cephalalgia, Supplement";journal;"08001952";0,742;Q2;24;0;31;0;59;30;1,04;0,00;United Kingdom;"Blackwell Publishing Inc.";"Neurology (clinical) (Q2)"
97;14991;"European Journal of Paediatric Neurology";journal;"10903798";0,741;Q2;54;46;123;1235;186;106;1,48;26,85;United Kingdom;"W. B. Saunders Co., Ltd.";"Medicine (miscellaneous) (Q1); Pediatrics, Perinatology and Child Health (Q1); Neurology (clinical) (Q2)"
98;19380;"Seizure : the journal of the British Epilepsy Association";journal;"10591311";0,734;Q2;74;102;339;2637;639;323;1,95;25,85;United Kingdom;"W. B. Saunders Co., Ltd.";"Medicine (miscellaneous) (Q1); Neurology (clinical) (Q2); Neurology (Q3)"
99;29306;"Clinical Autonomic Research";journal;"09599851, 16191560";0,724;Q2;52;58;225;1406;301;171;1,76;24,24;Germany;"Dr. Dietrich Steinkopff Verlag";"Medicine (miscellaneous) (Q1); Neurology (clinical) (Q2); Endocrine and Autonomic Systems (Q3)"
100;15741;"Pediatric Neurology";journal;"08878994";0,722;Q2;81;212;463;4110;943;437;2,01;19,39;Netherlands;"Elsevier BV";"Pediatrics, Perinatology and Child Health (Q1); Neurology (clinical) (Q2); Developmental Neuroscience (Q3); Neurology (Q3)"
101;15599;"Neuropediatrics";journal;"14391899, 0174304";0,705;Q2;63;61;190;1390;356;176;1,84;22,79;Germany;"Georg Thieme Verlag";"Medicine (miscellaneous) (Q1); Pediatrics, Perinatology and Child Health (Q1); Neurology (clinical) (Q2)"
102;14989;"Current Neurology and Neuroscience Reports";journal;"15284042, 15346293";0,701;Q2;59;74;214;3299;407;198;2,08;44,58;United States;"Current Science Inc.";"Neurology (clinical) (Q2); Neuroscience (miscellaneous) (Q3)"
103;22097;"Neurosurgical Review";journal;"03445607, 14372320";0,698;Q2;52;71;156;1929;229;132;1,72;27,17;Germany;"Springer Verlag";"Medicine (miscellaneous) (Q1); Surgery (Q1); Neurology (clinical) (Q2)"
104;17376;"Minimally Invasive Neurosurgery";journal;"09467211, 14392291";0,681;Q2;45;77;257;1618;300;232;1,16;21,01;Germany;"Georg Thieme Verlag";"Medicine (miscellaneous) (Q1); Surgery (Q1); Neurology (clinical) (Q2)"
105;15518;"Epileptic Disorders";journal;"12949361";0,672;Q2;47;69;170;1872;311;160;1,56;27,13;United States;"Wiley-Blackwell";"Medicine (miscellaneous) (Q1); Neurology (clinical) (Q2); Neurology (Q3)"
106;16674;"Journal of Child Neurology";journal;"08830738";0,659;Q2;93;240;611;6402;1005;573;1,65;26,68;United States;"SAGE Publications";"Neurology (clinical) (Q2); Pediatrics, Perinatology and Child Health (Q2)"
107;17980;"Neuropathology";journal;"14401789, 09196544";0,658;Q2;52;86;166;2215;248;158;1,44;25,76;United Kingdom;"Blackwell Publishing Inc.";"Medicine (miscellaneous) (Q1); Neurology (clinical) (Q2); Pathology and Forensic Medicine (Q2)"
108;14836;"Canadian Journal of Neurological Sciences";journal;"03171671";0,654;Q2;59;93;314;2684;435;260;1,47;28,86;United Kingdom;"Cambridge University Press";"Medicine (miscellaneous) (Q1); Neurology (clinical) (Q2); Neurology (Q3)"
109;19015;"Metabolic Brain Disease";journal;"08857490, 15737365";0,648;Q2;57;32;109;1085;263;106;2,84;33,91;United States;"Kluwer Academic/Plenum Publishers";"Neurology (clinical) (Q2); Biochemistry (Q3); Cellular and Molecular Neuroscience (Q4)"
110;22302;"Stereotactic and Functional Neurosurgery";journal;"10116125, 14230372";0,643;Q2;56;55;114;1166;203;112;1,48;21,20;Switzerland;"S. Karger AG";"Neurology (clinical) (Q2); Surgery (Q2)"
111;19700171401;"World Neurosurgery";journal;"18788750";0,631;Q2;82;499;1099;6281;838;531;1,38;12,59;Netherlands;"Elsevier BV";"Neurology (clinical) (Q2); Surgery (Q2)"
112;28755;"Brain Tumor Pathology";journal;"14337398";0,623;Q2;32;17;58;415;79;55;1,41;24,41;Germany;"Springer Verlag";"Medicine (miscellaneous) (Q2); Neurology (clinical) (Q2); Oncology (Q2); Cancer Research (Q3)"
113;37369;"Journal of Neurosurgery: Spine";journal;"15475646, 15475654";0,619;Q2;78;200;232;4628;417;218;1,91;23,14;United States;"American Association of Neurological Surgeons";"Medicine (miscellaneous) (Q2); Neurology (clinical) (Q2); Surgery (Q2); Neurology (Q3)"
114;19884;"Spinal Cord";journal;"13624393, 14765624";0,613;Q2;93;147;375;3614;650;331;1,98;24,59;United Kingdom;"Nature Publishing Group";"Medicine (miscellaneous) (Q2); Neurology (clinical) (Q2); Neurology (Q3)"
115;21776;"Neurosurgery Clinics of North America";journal;"10423680";0,610;Q2;52;54;159;2372;268;145;1,41;43,93;United Kingdom;"W. B. Saunders Co., Ltd.";"Medicine (miscellaneous) (Q2); Neurology (clinical) (Q2); Surgery (Q2)"
116;16868;"Motor Control";journal;"15432696, 10871640";0,607;Q2;40;26;83;877;128;79;1,77;33,73;United States;"Human Kinetics Publishers, Inc.";"Physical Therapy, Sports Therapy and Rehabilitation (Q1); Neurology (clinical) (Q2); Sports Science (Q2); Physiology (medical) (Q3)"
117;20412;"Acta Neurochirurgica";journal;"09420940, 00016268";0,607;Q2;81;301;856;5022;816;573;1,24;16,68;Germany;"Springer Verlag";"Neurology (clinical) (Q2); Surgery (Q2)"
118;14287;"Behavioural Neurology";journal;"09534180";0,607;Q2;39;23;47;1276;68;45;1,06;55,48;Netherlands;"Hindawi Publishing Corporation";"Medicine (miscellaneous) (Q2); Neurology (clinical) (Q2); Neurology (Q3); Neuropsychology and Physiological Psychology (Q3)"
119;19831;"Sleep and Breathing";journal;"15209512, 15221709";0,605;Q2;53;31;84;872;120;71;1,57;28,13;Germany;"Springer Verlag";"Neurology (clinical) (Q2); Otorhinolaryngology (Q2)"
120;12218;"Journal of Head Trauma Rehabilitation";journal;"08859701, 1550509";0,603;Q2;85;58;159;1945;306;141;2,24;33,53;United States;"Lippincott Williams & Wilkins Ltd.";"Physical Therapy, Sports Therapy and Rehabilitation (Q1); Rehabilitation (Q1); Neurology (clinical) (Q2)"
121;18712;"Psychiatry and Clinical Neurosciences";journal;"14401819, 13231316";0,591;Q2;62;138;360;3346;513;314;1,52;24,25;United Kingdom;"Blackwell Publishing Inc.";"Medicine (miscellaneous) (Q2); Neurology (clinical) (Q2); Psychiatry and Mental Health (Q2); Neurology (Q3); Neuroscience (miscellaneous) (Q3)"
122;14895;"Clinical Neurology and Neurosurgery";journal;"03038467";0,579;Q2;61;151;240;3412;421;230;1,99;22,60;Netherlands;"Elsevier BV";"Medicine (miscellaneous) (Q2); Neurology (clinical) (Q2); Surgery (Q2)"
123;17997;"Neurophysiologie Clinique";journal;"09877053";0,579;Q2;54;40;82;1601;148;73;1,28;40,03;Netherlands;"Elsevier Masson";"Medicine (miscellaneous) (Q2); Neurology (clinical) (Q2); Neurology (Q3); Physiology (medical) (Q3)"
124;14340;"Brain Injury";journal;"02699052, 1362301";0,573;Q2;89;152;332;6246;552;321;1,50;41,09;United Kingdom;"Taylor & Francis";"Neurology (clinical) (Q2); Developmental and Educational Psychology (Q3); Neuroscience (miscellaneous) (Q3)"
125;14903;"Clinical Neuroscience Research";journal;"15662772";0,569;Q2;32;30;133;4109;132;120;0,77;136,97;Netherlands;"Elsevier BV";"Neurology (clinical) (Q2); Psychiatry and Mental Health (Q2); Biological Psychiatry (Q3); Neurology (Q3); Neuropsychology and Physiological Psychology (Q3)"
126;17526;"Neurologic Clinics";journal;"07338619";0,566;Q2;70;54;166;3334;307;152;1,69;61,74;United Kingdom;"W. B. Saunders Co., Ltd.";"Neurology (clinical) (Q2)"
127;20653;"Topics in Stroke Rehabilitation";journal;"10749357";0,557;Q2;50;37;124;1444;148;108;1,25;39,03;United Kingdom;"Taylor & Francis";"Community and Home Care (Q1); Rehabilitation (Q1); Neurology (clinical) (Q2)"
128;145175;"Neurosurgical Focus";journal;"10920684";0,551;Q2;75;158;420;5128;688;413;1,69;32,46;United States;"American Association of Neurological Surgeons";"Medicine (miscellaneous) (Q2); Neurology (clinical) (Q2); Surgery (Q2)"
129;19386;"Seminars in Pediatric Neurology";journal;"10719091";0,545;Q2;51;37;112;2272;171;96;1,98;61,41;United Kingdom;"W. B. Saunders Co., Ltd.";"Neurology (clinical) (Q2); Pediatrics, Perinatology and Child Health (Q2)"
130;17306;"Neuroimaging Clinics of North America";journal;"10525149";0,542;Q2;50;49;167;3581;281;155;1,23;73,08;United Kingdom;"W. B. Saunders Co., Ltd.";"Medicine (miscellaneous) (Q2); Neurology (clinical) (Q2); Radiology, Nuclear Medicine and Imaging (Q2)"
131;18576;"Pediatric Neurosurgery";journal;"10162291, 14230305";0,540;Q2;67;96;295;1516;331;279;0,76;15,79;Switzerland;"S. Karger AG";"Medicine (miscellaneous) (Q2); Neurology (clinical) (Q2); Pediatrics, Perinatology and Child Health (Q2); Surgery (Q2)"
132;145007;"Clinical EEG and Neuroscience";journal;"15500594";0,535;Q2;44;41;99;1537;148;94;1,61;37,49;United States;"SAGE Publications Inc.";"Medicine (miscellaneous) (Q2); Neurology (clinical) (Q2); Neurology (Q3)"
133;14255;"Autonomic Neuroscience: Basic and Clinical";journal;"15660702";0,531;Q2;73;113;273;5401;433;272;1,48;47,80;Netherlands;"Elsevier BV";"Neurology (clinical) (Q2); Endocrine and Autonomic Systems (Q3); Cellular and Molecular Neuroscience (Q4)"
134;15575;"European Neurology";journal;"00143022, 14219913";0,525;Q2;69;134;359;2602;528;353;1,23;19,42;Switzerland;"S. Karger AG";"Neurology (clinical) (Q2); Neurology (Q3)"
135;17942;"Neurological Sciences";journal;"15903478, 15901874";0,519;Q2;60;192;502;3804;721;454;1,43;19,81;Germany;"Springer Verlag";"Dermatology (Q2); Medicine (miscellaneous) (Q2); Neurology (clinical) (Q2); Psychiatry and Mental Health (Q2)"
136;15013;"Current Treatment Options in Neurology";journal;"10928480, 15343138";0,517;Q2;34;49;97;2327;167;97;1,72;47,49;United States;"Current Science Inc.";"Neurology (clinical) (Q2)"
137;17541;"Acta Neurochirurgica, Supplement";journal;"00651419";0,517;Q3;62;136;463;2586;562;455;0,80;19,01;Germany;"Springer Verlag";"Surgery (Q2); Neurology (clinical) (Q3)"
138;14995;"Current Pain and Headache Reports";journal;"15343081, 15313433";0,516;Q3;51;71;191;2804;409;185;1,92;39,49;United States;"Current Science Inc.";"Anesthesiology and Pain Medicine (Q1); Medicine (miscellaneous) (Q2); Neurology (clinical) (Q3)"
139;14990;"Current Neuropharmacology";journal;"1570159";0,515;Q3;53;28;55;3460;54;52;1,04;123,57;United Arab Emirates;"Bentham Science Publishers";"Medicine (miscellaneous) (Q2); Pharmacology (medical) (Q2); Psychiatry and Mental Health (Q2); Neurology (Q3); Neurology (clinical) (Q3); Pharmacology (Q3)"
140;17700156408;"Nature Reviews Neurology";journal;"17594758, 17594766";0,495;Q3;113;146;13;3304;14;12;1,17;22,63;United Kingdom;"Nature Publishing Group";"Neurology (clinical) (Q3); Cellular and Molecular Neuroscience (Q4)"
141;14899;"Clinical Neuropathology";journal;"07225091";0,490;Q3;39;43;126;914;165;125;1,32;21,26;Germany;"Dustri-Verlag Dr. Karl Feistle";"Medicine (miscellaneous) (Q2); Pathology and Forensic Medicine (Q2); Neurology (Q3); Neurology (clinical) (Q3)"
142;16815;"Journal of Spinal Cord Medicine";journal;"10790268";0,487;Q3;53;56;207;1315;229;182;1,03;23,48;United Kingdom;"Maney Publishing";"Neurology (clinical) (Q3)"
143;32816;"Neural Plasticity";journal;"07928483, 16875443";0,480;Q3;50;0;68;0;101;64;1,51;0,00;Egypt;"Hindawi Publishing Corporation";"Neurology (Q3); Neurology (clinical) (Q3)"
144;14183;"Aphasiology";journal;"14645041, 02687038";0,460;Q3;57;69;219;2825;218;202;0,81;40,94;United Kingdom;"Taylor & Francis";"Language and Linguistics (Q1); Linguistics and Language (Q1); LPN and LVN (Q2); Otorhinolaryngology (Q2); Developmental and Educational Psychology (Q3); Neurology (Q3); Neurology (clinical) (Q3)"
145;5400152651;"Frontiers of neurology and neuroscience";journal;"16604431";0,458;Q3;22;23;16;818;7;16;0,44;35,57;Switzerland;"Karger";"Medicine (miscellaneous) (Q2); Neurology (clinical) (Q3); Neuroscience (miscellaneous) (Q3)"
146;21707;"Journal of Neurosurgical Sciences";journal;"03905616";0,448;Q3;33;29;131;494;114;102;0,70;17,03;Italy;"Edizioni Minerva Medica";"Surgery (Q2); Neurology (clinical) (Q3)"
147;21100216323;"Journal of Neurological Surgery. Part A: Central European Neurosurgery";journal;"21936315, 21936323";0,438;Q3;27;31;101;947;74;89;0,70;30,55;Germany;"Thieme";"Medicine (miscellaneous) (Q2); Surgery (Q2); Neurology (clinical) (Q3)"
148;18019;"NeuroRehabilitation";journal;"10538135";0,437;Q3;53;36;116;1556;132;100;1,11;43,22;Netherlands;"IOS Press";"Physical Therapy, Sports Therapy and Rehabilitation (Q2); Rehabilitation (Q2); Neurology (clinical) (Q3)"
149;15628;"Folia Neuropathologica";journal;"16414640";0,434;Q3;30;42;141;1304;148;138;1,21;31,05;Poland;"Termedia Publishing House Ltd.";"Pathology and Forensic Medicine (Q2); Neurology (clinical) (Q3)"
150;500147001;"Headache Currents";journal;"17435005, 17435013";0,421;Q3;8;16;24;858;10;12;0,83;53,63;United Kingdom;"Blackwell Publishing Inc.";"Neurology (clinical) (Q3)"
151;130054;"Neurocritical Care";journal;"15416933, 15560961";0,420;Q3;59;95;163;2556;220;158;1,39;26,91;United States;"Humana Press, Inc.";"Critical Care and Intensive Care Medicine (Q2); Neurology (clinical) (Q3)"
152;20529;"British Journal of Neurosurgery";journal;"1360046, 02688697";0,410;Q3;57;94;341;1350;247;314;0,61;14,36;United Kingdom;"Taylor & Francis";"Medicine (miscellaneous) (Q2); Surgery (Q2); Neurology (clinical) (Q3)"
153;17525;"Neurologia Medico-Chirurgica";journal;"13498029, 04708105";0,405;Q3;43;187;488;2417;304;378;0,73;12,93;Japan;"Japan Neurosurgical Society/Nihon No Shinkei Geka Gakkai";"Surgery (Q2); Neurology (clinical) (Q3)"
154;17546;"Acta Neurologica Belgica";journal;"03009009";0,398;Q3;30;32;95;1329;85;89;0,98;41,53;Belgium;"Springer-Verlag Italia";"Medicine (miscellaneous) (Q2); Neurology (clinical) (Q3)"
155;14333;"Thalamus and Related Systems";journal;"14729288, 17448107";0,391;Q3;20;0;50;0;32;47;0,40;0,00;United Kingdom;"Cambridge University Press";"Neurology (clinical) (Q3); Neuroscience (miscellaneous) (Q3)"
156;16683;"Journal of Clinical Neuroscience";journal;"09675868";0,388;Q3;66;246;688;5313;599;661;0,83;21,60;United States;"Churchill Livingstone";"Medicine (miscellaneous) (Q2); Neurology (Q3); Neurology (clinical) (Q3); Physiology (medical) (Q3)"
157;145668;"Supplements to Clinical neurophysiology";journal;"1567424";0,382;Q3;24;70;169;2217;125;165;0,54;31,67;Netherlands;"Elsevier BV";"Neurology (clinical) (Q3); Neuroscience (miscellaneous) (Q3)"
158;15480;"Electromyography and Clinical Neurophysiology";journal;"0301150";0,377;Q3;31;56;200;1299;164;200;0,76;23,20;Belgium;"Editions Nauwelaerts SA";"Neurology (clinical) (Q3); Physiology (medical) (Q3); Physiology (Q4)"
159;25336;"Neurodegenerative Diseases";journal;"16602862, 16602854";0,369;Q3;49;65;39;2851;33;37;0,89;43,86;Switzerland;"S. Karger AG";"Neurology (Q3); Neurology (clinical) (Q3)"
160;145679;"European Journal of Neurology, Supplement";journal;"14710552";0,365;Q3;15;0;12;0;21;12;1,75;0,00;United Kingdom;"Rapid Science Publishers";"Neurology (clinical) (Q3); Neuroscience (miscellaneous) (Q3)"
161;17973;"Neuromodulation";journal;"15251403, 10947159";0,362;Q3;48;38;114;929;109;103;0,91;24,45;United Kingdom;"Blackwell Publishing Inc.";"Anesthesiology and Pain Medicine (Q2); Medicine (miscellaneous) (Q2); Neurology (Q3); Neurology (clinical) (Q3)"
162;3900148612;"Journal of Clinical Sleep Medicine";journal;"15509389, 15509397";0,354;Q3;73;83;75;1933;67;52;1,29;23,29;United States;"The American Academy of Sleep Medicine";"Pulmonary and Respiratory Medicine (Q2); Neurology (Q3); Neurology (clinical) (Q3)"
163;14484;"Journal of Neuro-Ophthalmology";journal;"10708022, 15365166";0,353;Q3;47;71;290;1322;231;237;1,17;18,62;United States;"Lippincott Williams & Wilkins Ltd.";"Medicine (miscellaneous) (Q2); Neurology (clinical) (Q3); Ophthalmology (Q3)"
164;17492;"Neuroendocrinology Letters";journal;"0172780";0,352;Q3;57;198;366;5167;403;336;1,15;26,10;Sweden;"Maghira and Maas Publications";"Medicine (miscellaneous) (Q2); Endocrinology (Q3); Endocrinology, Diabetes and Metabolism (Q3); Neurology (Q3); Neurology (clinical) (Q3); Psychiatry and Mental Health (Q3); Endocrine and Autonomic Systems (Q4)"
165;23481;"Journal of Vestibular Research: Equilibrium and Orientation";journal;"09574271";0,345;Q3;46;29;93;1068;99;91;0,98;36,83;Netherlands;"IOS Press";"Otorhinolaryngology (Q2); Neurology (clinical) (Q3); Neuroscience (miscellaneous) (Q3); Sensory Systems (Q4)"
166;5700155920;"Focus on Autism and Other Developmental Disabilities";journal;"15384829, 10883576";0,342;Q3;51;24;69;1016;41;69;0,58;42,33;United States;"SAGE Publications Inc.";"Pediatrics, Perinatology and Child Health (Q2); Neurology (Q3); Neurology (clinical) (Q3); Psychiatry and Mental Health (Q3); Cognitive Neuroscience (Q4)"
167;15664;"Functional Neurology";journal;"03935264, 19713274";0,332;Q3;36;33;99;820;91;84;0,86;24,85;Italy;"CIC Edizioni Internazionali s.r.l.";"Medicine (miscellaneous) (Q2); Neurology (clinical) (Q3); Neuroscience (miscellaneous) (Q3)"
168;21370;"Expert Review of Neurotherapeutics";journal;"14737175";0,327;Q3;63;166;295;13509;298;276;1,31;81,38;United Kingdom;"Taylor & Francis";"Neurology (clinical) (Q3); Neuroscience (miscellaneous) (Q3); Pharmacology (medical) (Q3)"
169;3600148102;"Alzheimer's and Dementia";journal;"15525260, 15525279";0,289;Q3;84;59;45;1809;35;24;1,46;30,66;Netherlands;"Elsevier BV";"Geriatrics and Gerontology (Q2); Health Policy (Q2); Neurology (clinical) (Q3); Psychiatry and Mental Health (Q3); Cellular and Molecular Neuroscience (Q4); Developmental Neuroscience (Q4); Epidemiology (Q4)"
170;4000148206;"Journal of Neurologic Physical Therapy";journal;"15570584, 15570576";0,279;Q3;40;28;51;659;31;48;0,83;23,54;United States;"Lippincott Williams & Wilkins Ltd.";"Geriatrics and Gerontology (Q2); Medicine (miscellaneous) (Q2); Physical Therapy, Sports Therapy and Rehabilitation (Q2); Rehabilitation (Q2); Neurology (clinical) (Q3)"
171;17969;"Neurology India";journal;"00283886, 19984022";0,278;Q3;40;163;517;1893;293;356;0,71;11,61;India;"Medknow Publications";"Neurology (clinical) (Q3); Neurology (Q4)"
172;17227;"Journal of Neuroradiology";journal;"01509861";0,277;Q3;35;60;160;1001;128;146;0,75;16,68;France;"Elsevier Masson";"Neurology (clinical) (Q3); Radiological and Ultrasound Technology (Q3); Radiology, Nuclear Medicine and Imaging (Q3)"
173;31458;"Acupuncture in Medicine";journal;"09645284";0,274;Q3;39;45;122;1064;93;74;1,56;23,64;United Kingdom;"BMJ Publishing Group";"Complementary and Alternative Medicine (Q2); Medicine (miscellaneous) (Q2); Neurology (clinical) (Q3)"
174;28222;"Journal of Neuroscience Nursing";journal;"08880395";0,272;Q3;37;70;162;784;122;132;0,92;11,20;United States;"Lippincott Williams & Wilkins Ltd.";"Medical and Surgical Nursing (Q1); Neurology (clinical) (Q3); Surgery (Q3); Endocrine and Autonomic Systems (Q4)"
175;16187;"International MS Journal";journal;"14693410, 13528963";0,271;Q3;23;15;68;464;47;64;0,61;30,93;United Kingdom;"Cambridge Medical Publications";"Medicine (miscellaneous) (Q2); Neurology (clinical) (Q3); Neurology (Q4)"
176;14224;"Arquivos de Neuro-Psiquiatria";journal;"0004282";0,271;Q3;42;222;655;4584;410;639;0,55;20,65;Brazil;"Associacao Arquivos de Neuro-Psiquiatria Dr. Oswaldo Lange";"Neurology (clinical) (Q3); Biological Psychiatry (Q4)"
177;18844;"Schmerz";journal;"14322129, 0932433";0,262;Q3;36;59;212;1447;143;180;0,65;24,53;Germany;"Springer Verlag";"Anesthesiology and Pain Medicine (Q2); Medicine (miscellaneous) (Q2); Neurology (clinical) (Q3)"
178;19307;"Revue Neurologique";journal;"00353787";0,238;Q3;39;235;642;7778;351;607;0,57;33,10;France;"Elsevier Masson";"Neurology (clinical) (Q3); Neurology (Q4)"
179;16714;"Journal of Headache and Pain";journal;"11292377, 11292369";0,235;Q3;48;76;211;1486;111;189;0,53;19,55;Germany;"Springer Verlag";"Anesthesiology and Pain Medicine (Q2); Medicine (miscellaneous) (Q3); Neurology (clinical) (Q3)"
180;21100242270;"Journal of Neurological Surgery, Part B: Skull Base";journal;"2193634, 21936331";0,234;Q3;33;39;141;580;52;83;0,57;14,87;United States;"Thieme medical Publishers";"Neurology (clinical) (Q3)"
181;23884;"Journal of Stroke and Cerebrovascular Diseases";journal;"15328511, 10523057";0,232;Q3;46;52;145;1181;75;144;0,46;22,71;United Kingdom;"W. B. Saunders Co., Ltd.";"Cardiology and Cardiovascular Medicine (Q3); Neurology (clinical) (Q3); Rehabilitation (Q3); Surgery (Q3)"
182;17438;"Der Nervenarzt";journal;"14330407, 00282804";0,232;Q3;40;182;517;5434;402;468;0,84;29,86;Germany;"Springer Verlag";"Medicine (miscellaneous) (Q3); Neurology (clinical) (Q3); Psychiatry and Mental Health (Q3); Neurology (Q4)"
183;17488;"Neurocirugia";journal;"11301473";0,232;Q3;18;69;184;1428;71;150;0,50;20,70;Spain;"Sociedad Espanola de Neurocirugia";"Neurology (clinical) (Q3); Surgery (Q3)"
184;21772;"Neurochirurgie";journal;"00283770";0,225;Q3;26;59;217;1612;108;210;0,42;27,32;France;"Elsevier Masson";"Neurology (clinical) (Q3); Surgery (Q3)"
185;18743;"Psychologie et NeuroPsychiatrie du Vieillissement";journal;"17601703";0,221;Q3;16;41;142;1483;48;135;0,24;36,17;France;"John Libbey Eurotext";"Geriatrics and Gerontology (Q3); Neurology (clinical) (Q3); Biological Psychiatry (Q4); Neuropsychology and Physiological Psychology (Q4)"
186;19269;"Revista de Neurologia";journal;"02100010";0,212;Q3;36;406;1291;13983;731;1163;0,65;34,44;Spain;"Viguera Editores";"Medicine (miscellaneous) (Q3); Neurology (clinical) (Q3)"
187;15633;"Fortschritte der Neurologie Psychiatrie";journal;"07204299, 14393522";0,212;Q3;29;96;266;3152;174;222;0,78;32,83;Germany;"Georg Thieme Verlag";"Medicine (miscellaneous) (Q3); Neurology (clinical) (Q3); Psychiatry and Mental Health (Q3); Neurology (Q4)"
188;21775;"Neurological Surgery";journal;"03012603";0,210;Q3;19;117;393;2514;97;381;0,22;21,49;Japan;"Igaku-Shoin Ltd.";"Medicine (miscellaneous) (Q3); Neurology (clinical) (Q3); Surgery (Q3)"
189;17478;"Topics in Spinal Cord Injury Rehabilitation";journal;"10820744";0,206;Q3;26;36;98;1441;43;87;0,52;40,03;United States;"Thomas Land Publishers Inc.";"Neurology (clinical) (Q3); Physical Therapy, Sports Therapy and Rehabilitation (Q3); Rehabilitation (Q3)"
190;144726;"Reviews in Neurological Diseases";journal;"15452913";0,205;Q3;19;29;78;801;29;70;0,41;27,62;United States;"MedReviews";"Neurology (clinical) (Q3); Neurology (Q4)"
191;17551;"Acta Neurologica Taiwanica";journal;"1028768";0,200;Q3;20;54;117;1017;48;110;0,67;18,83;Taiwan;"Taiwan Neurological Society";"Medicine (miscellaneous) (Q3); Neurology (clinical) (Q3); Neurology (Q4)"
192;17520;"Neurologia";journal;"02134853, 15781968";0,194;Q3;29;103;340;2377;143;278;0,51;23,08;Spain;"Ediciones Doyma S.A.";"Medicine (miscellaneous) (Q3); Neurology (clinical) (Q3)"
193;19400156832;"Brain Impairment";journal;"14439646";0,190;Q3;16;0;15;0;6;14;0,43;0,00;United Kingdom;"Cambridge University Press";"Neurology (clinical) (Q3); Behavioral Neuroscience (Q4); Cognitive Neuroscience (Q4); Neurology (Q4); Neuropsychology and Physiological Psychology (Q4); Speech and Hearing (Q4)"
194;19700180720;"Handbook of Clinical Neurophysiology";book series;"15674231";0,188;Q3;10;45;223;4309;43;217;0,19;95,76;Netherlands;"Elsevier BV";"Neurology (clinical) (Q3); Neuroscience (miscellaneous) (Q4)"
195;12446;"Deutsche Zeitschrift f√ºr Akupunktur";journal;"04156412, 14394359";0,188;Q3;10;60;137;395;14;107;0,18;6,58;Netherlands;"Elsevier BV";"Complementary and Alternative Medicine (Q3); Neurology (clinical) (Q3)"
196;21100202751;"The Neurodiagnostic journal";journal;"21646821";0,178;Q3;15;19;66;268;17;48;0,36;14,11;United Kingdom;"Taylor & Francis";"Medical Laboratory Technology (Q3); Neurology (clinical) (Q3)"
197;17524;"Neurologia i Neurochirurgia Polska";journal;"00283843";0,176;Q3;21;80;344;1983;102;329;0,32;24,79;Poland;"Polish Neurological Society";"Neurology (clinical) (Q3); Surgery (Q3)"
198;19700180838;"Blue Books of Practical Neurology";book series;"18773419";0,168;Q3;6;0;68;0;18;62;0,00;0,00;Netherlands;"Elsevier BV";"Neurology (clinical) (Q3); Neurology (Q4)"
199;15873;"Journal of Clinical Neuromuscular Disease";journal;"15220443";0,166;Q3;21;33;89;833;26;85;0,18;25,24;United States;"Lippincott Williams & Wilkins Ltd.";"Medicine (miscellaneous) (Q3); Neurology (clinical) (Q3); Neurology (Q4)"
200;19313;"Clinical Neurology";journal;"0009918";0,166;Q3;18;168;493;2041;123;483;0,26;12,15;Japan;"Japanese Society of Neurology/Nihon Shinkei Gakkai";"Neurology (clinical) (Q3)"
201;16819;"Journal of the History of the Neurosciences";journal;"0964704";0,166;Q3;22;35;111;1231;36;98;0,39;35,17;United Kingdom;"Taylor & Francis";"History and Philosophy of Science (Q3); Neurology (clinical) (Q3); Neuroscience (miscellaneous) (Q4)"
202;69291;"Techniques in Neurosurgery";journal;"10772855";0,163;Q3;9;0;67;0;18;56;0,00;0,00;United States;"Lippincott Williams & Wilkins Ltd.";"Neurology (clinical) (Q3)"
203;17970;"Neurology Psychiatry and Brain Research";journal;"09419500";0,158;Q3;14;46;76;1298;21;75;0,30;28,22;Germany;"Elsevier GmbH";"Neurology (clinical) (Q3); Neuroscience (miscellaneous) (Q4); Psychiatry and Mental Health (Q4)"
204;28657;"Bolest";journal;"12120634, 12126861";0,157;Q3;5;22;102;471;8;79;0,10;21,41;Czech Republic;"TIGIS Spol. s.r.o.";"Anesthesiology and Pain Medicine (Q3); Neurology (clinical) (Q3)"
205;18619;"Practical Neurology";journal;"14747758, 14747766";0,155;Q4;34;79;200;1048;32;121;0,28;13,27;United Kingdom;"BMJ Publishing Group";"Medicine (miscellaneous) (Q3); Neurology (clinical) (Q4)"
206;145096;"Neuropsychopharmacologia Hungarica : a Magyar Pszichofarmakologiai Egyesulet lapja = official journal of the Hungarian Association of Psychopharmacology";journal;"14198711";0,154;Q4;13;27;61;553;18;50;0,36;20,48;Hungary;"Neuroline";"Pharmacology, Toxicology and Pharmaceutics (miscellaneous) (Q3); Neurology (clinical) (Q4); Neuropsychology and Physiological Psychology (Q4); Neuroscience (miscellaneous) (Q4)"
207;92891;"Seminars in Neurosurgery";journal;"15268012";0,151;Q4;8;0;68;0;11;53;0,32;0,00;United States;"Thieme Medical Publishers";"Neurology (clinical) (Q4)"
208;21935;"Pain Clinic";journal;"01691112";0,148;Q4;18;61;210;1244;35;209;0,12;20,39;United Kingdom;"Maney Publishing";"Anesthesiology and Pain Medicine (Q3); Neurology (clinical) (Q4)"
209;5000158601;"Journal of Pediatric Neurology";journal;"13042580";0,147;Q4;14;52;126;980;28;113;0,23;18,85;Germany;"Georg Thieme Verlag";"Pediatrics, Perinatology and Child Health (Q3); Neurology (clinical) (Q4)"
210;23426;"Equilibrium Research";journal;"03855716";0,145;Q4;11;38;148;794;9;148;0,05;20,89;Japan;"Nihon Heiko Shinkeika Gakkai/Japan Society for Equilibrium Research";"Otorhinolaryngology (Q3); Neurology (clinical) (Q4)"
211;21100829261;"Clinical Neuroradiology";journal;"18691439, 18691447";0,142;Q4;17;32;82;685;20;74;0,22;21,41;Germany;"Springer Verlag";"Radiology, Nuclear Medicine and Imaging (Q3); Neurology (clinical) (Q4)"
212;18099;"No To Hattatsu";journal;"00290831";0,142;Q4;11;79;242;583;30;216;0,13;7,38;Japan;"Japanese Society of Child Neurology";"Medicine (miscellaneous) (Q3); Pediatrics, Perinatology and Child Health (Q3); Neurology (clinical) (Q4)"
213;17193;"Interventional Neuroradiology";journal;"11239344";0,142;Q4;29;107;283;1330;65;244;0,37;12,43;Italy;"Centauro SRL";"Radiology, Nuclear Medicine and Imaging (Q3); Cardiology and Cardiovascular Medicine (Q4); Neurology (clinical) (Q4)"
214;16852;"Klinische Neurophysiologie";journal;"14340275, 14394081";0,142;Q4;7;26;83;687;8;73;0,16;26,42;Germany;"Georg Thieme Verlag";"Neurology (clinical) (Q4); Physiology (medical) (Q4)"
215;21777;"Neurosurgery Quarterly";journal;"10506438, 15344916";0,141;Q4;16;45;103;1046;26;102;0,25;23,24;United States;"Lippincott Williams & Wilkins Ltd.";"Surgery (Q3); Neurology (clinical) (Q4)"
216;17403;"Motricite Cerebrale Readaptation Neurologie du Developpement";journal;"02455919";0,140;Q4;5;15;45;180;4;37;0,11;12,00;France;"Elsevier Masson";"Rehabilitation (Q3); Neurology (clinical) (Q4)"
217;17463;"Neuroanatomy";journal;"13031775, 13031783";0,139;Q4;12;19;48;263;13;44;0,18;13,84;Turkey;"M. Mustafa Aldur";"Anatomy (Q4); Neurology (clinical) (Q4)"
218;12578;"Douleurs";journal;"16245687";0,137;Q4;8;53;191;450;11;159;0,09;8,49;France;"Elsevier Masson";"Anesthesiology and Pain Medicine (Q3); Neurology (clinical) (Q4)"
219;19264;"Revista Chilena de Neuro-Psiquiatria";journal;"00347388";0,131;Q4;11;25;107;519;15;102;0,12;20,76;Chile;"Sociedad Chilena de Neurologia psiquiatria y Neurocirugia";"Surgery (Q3); Neurology (clinical) (Q4); Psychiatry and Mental Health (Q4)"
220;14904;"Clinical neurosurgery";journal;"00694827";0,131;Q4;26;41;128;1355;18;128;0,12;33,05;United States;"Williams & Wilkins Co.";"Surgery (Q3); Neurology (clinical) (Q4)"
221;17946;"Neurologie und Rehabilitation";journal;"09472177";0,130;Q4;12;64;113;1486;35;105;0,42;23,22;Germany;"Kagerer Kommunikation";"Neurology (clinical) (Q4); Rehabilitation (Q4)"
222;40483;"Ideggyogyaszati Szemle";journal;"00191442";0,129;Q4;12;51;114;993;17;114;0,14;19,47;Hungary;"Kiadja Es Terjeszti A Literatura Medica";"Neurology (Q4); Neurology (clinical) (Q4)"
223;17623;"Aktuelle Neurologie";journal;"14389428, 03024350";0,128;Q4;15;65;240;2167;49;217;0,27;33,34;Germany;"Georg Thieme Verlag";"Neurology (clinical) (Q4)"
224;91878;"Archivos de Neurociencias";journal;"10285938";0,126;Q4;5;45;131;1571;7;113;0,05;34,91;Mexico;"Instituto Nacional de Neurologia y Neurocirugia Manuel Velosco Suarez";"Neurology (Q4); Neurology (clinical) (Q4)"
225;7200153153;"Journal of Epilepsy and Clinical Neurophysiology";journal;"16762649";0,126;Q4;10;49;118;1136;15;112;0,16;23,18;Brazil;"Liga Brasileira de Epilepsia";"Neurology (Q4); Neurology (clinical) (Q4); Physiology (medical) (Q4)"
226;6400153146;"Head and Face Medicine";journal;"1746160";0,126;Q4;29;37;14;63;3;12;0,25;1,70;United Kingdom;"BioMed Central";"Medicine (miscellaneous) (Q3); Dentistry (miscellaneous) (Q4); Neurology (clinical) (Q4); Otorhinolaryngology (Q4)"
227;17439;"Nervenheilkunde";journal;"07221541";0,126;Q4;16;192;448;3965;104;385;0,26;20,65;Germany;"Schattauer GmbH";"Family Practice (Q3); Neurology (clinical) (Q4)"
228;14861;"Ceska a Slovenska Neurologie a Neurochirurgie";journal;"18024041, 12107859";0,125;Q4;11;70;196;1736;22;191;0,13;24,80;Czech Republic;"Nakladatelske Stredisko CLSJE Purkyne";"Neurology (clinical) (Q4); Surgery (Q4)"
229;19700180775;"NeuroImmune Biology";book series;"15677443";0,124;Q4;9;0;77;0;7;69;0,16;0,00;Netherlands;"Elsevier BV";"Immunology (Q4); Neurology (Q4); Neurology (clinical) (Q4)"
230;19287;"Revista Ecuatoriana de Neurologia";journal;"10198113";0,123;Q4;4;25;52;574;2;47;0,00;22,96;Ecuador;"Sociedad Ecuatoriana de Neurologia";"Neurology (Q4); Neurology (clinical) (Q4)"
231;145368;"Zeitschrift f√ºr Epileptologie";journal;"16176782, 16100646";0,122;Q4;6;30;22;884;6;21;0,29;29,47;Germany;"Steinkopff";"Neurology (clinical) (Q4); Pediatrics, Perinatology and Child Health (Q4)"
232;17459;"Neuro-Ophthalmology";journal;"01658107";0,121;Q4;20;28;58;453;9;57;0,16;16,18;United Kingdom;"Taylor & Francis";"Neurology (clinical) (Q4); Ophthalmology (Q4)"
233;16076;"Headache and Pain: Diagnostic Challenges, Current Therapy";journal;"15458261";0,119;Q4;3;24;93;306;6;78;0,08;12,75;United States;"Cliggott Publishing Co.";"Neurology (clinical) (Q4)"
234;9500153993;"Neuroradiology Journal";journal;"19714009, 23851996";0,118;Q4;16;107;503;2246;30;493;0,12;20,99;Italy;"SAGE Publications Inc.";"Medicine (miscellaneous) (Q4); Neurology (clinical) (Q4); Radiology, Nuclear Medicine and Imaging (Q4)"
235;130133;"Aktuelle Neurologie, Supplement";journal;"14372754";0,116;Q4;10;5;26;125;5;24;0,22;25,00;Germany;"Georg Thieme Verlag";"Neurology (clinical) (Q4)"
236;78212;"Operative Techniques in Neurosurgery";journal;"1092440";0,116;Q4;12;0;103;0;14;91;0,08;0,00;United Kingdom;"W. B. Saunders Co., Ltd.";"Neurology (clinical) (Q4); Surgery (Q4)"
237;144882;"Sen";journal;"16416007, 16443306";0,113;Q4;4;13;9;432;1;9;0,11;33,23;Poland;"Via Medica";"Neurology (clinical) (Q4)"
238;18119;"Nuova Rivista di Neurologia";journal;"1122035";0,112;Q4;5;0;22;0;1;22;0,00;0,00;Italy;"II Pensiero Scientifico Editore srl";"Neurology (clinical) (Q4)"
239;15512;"Epilepsies";journal;"11496576";0,112;Q4;7;43;136;1130;8;118;0,07;26,28;France;"John Libbey Eurotext";"Neurology (Q4); Neurology (clinical) (Q4)"
240;4000148906;"NPG Neurologie - Psychiatrie - Geriatrie";journal;"16274830";0,111;Q4;7;58;120;673;4;107;0,04;11,60;France;"Elsevier Masson";"Geriatrics and Gerontology (Q4); Neurology (clinical) (Q4); Psychiatry and Mental Health (Q4)"
241;14924;"Confinia Cephalalgica";journal;"11220279";0,111;Q4;3;14;49;199;2;37;0,00;14,21;France;"Masson Publishing";"Neurology (Q4); Neurology (clinical) (Q4)"
242;17606;"African Journal of Neurological Sciences";journal;"10158618, 19922647";0,110;Q4;10;25;64;364;2;55;0,03;14,56;Egypt;"Pan African Association of Neurological Sciences";"Neurology (Q4); Neurology (clinical) (Q4)"
243;4700151920;"Rivista Italiana di Neurobiologia";journal;"00356336";0,108;Q4;2;14;20;576;1;19;0,05;41,14;Italy;"Societa dei neurologi, neurochirurghi e neuroradiologi ospedalieri";"Neurology (clinical) (Q4); Neuroscience (miscellaneous) (Q4)"
244;110337;"Zhurnal Nevrologii i Psikhiatrii imeni S.S. Korsakova";journal;"19977298";0,107;Q4;12;216;685;4440;43;682;0,07;20,56;Russian Federation;"Media Sphera";"Neurology (clinical) (Q4); Psychiatry and Mental Health (Q4)"
245;18057;"Neurosciences";journal;"13196138";0,107;Q4;14;81;240;1392;12;226;0,04;17,19;Saudi Arabia;"Saudi Arabian Armed Forces Hospital";"Neurology (clinical) (Q4); Psychiatry and Mental Health (Q4)"
246;17500155017;"Medecine du Sommeil";journal;"17694493";0,106;Q4;4;36;56;787;3;50;0,06;21,86;France;"Elsevier Masson";"Behavioral Neuroscience (Q4); Cognitive Neuroscience (Q4); Neurology (Q4); Neurology (clinical) (Q4); Neuropsychology and Physiological Psychology (Q4)"
247;16243;"Journal f√ºr Neurologie, Neurochirurgie und Psychiatrie";journal;"16809440, 16081587";0,106;Q4;6;33;92;1048;8;77;0,08;31,76;Austria;"Krause & Pachernegg GmbH";"Neurology (clinical) (Q4); Psychiatry and Mental Health (Q4); Surgery (Q4)"
248;60724;"Journal of Neuro-AIDS";journal;"10697438";0,105;Q4;8;0;4;0;0;4;0,00;0,00;United States;"The Haworth Medical Press";"Neurology (clinical) (Q4)"
249;3300147817;"EMC - Neurologie";journal;"17624231";0,105;Q4;4;0;65;0;4;64;0,06;0,00;France;"Editions scientifique et medicales Elsevier SAS";"Neurology (Q4); Neurology (clinical) (Q4)"
250;19356;"Schweizer Archiv f√ºr Neurologie und Psychiatrie";journal;"02587661";0,105;Q4;11;57;180;1392;11;159;0,07;24,42;Switzerland;"Schwabe and Co. AG";"Neurology (clinical) (Q4); Psychiatry and Mental Health (Q4)"
251;12751;"Japanese Journal of Neurosurgery";journal;"0917950";0,104;Q4;6;81;261;1514;7;260;0,02;18,69;Japan;"Nihon No Shinkei Geka Konguresu/Japanese Congress of Neurological Surgeons";"Neurology (clinical) (Q4); Surgery (Q4)"
252;17283;"Bollettino - Lega Italiana contro l'Epilessia";journal;"0394560";0,104;Q4;3;114;355;488;2;354;0,01;4,28;Italy;"Lega Italiana contro I'Epilessia";"Neurology (clinical) (Q4)"
253;3900148505;"Neurologia Suplementos";journal;"16955374";0,103;Q4;2;5;9;93;0;7;0,00;18,60;Spain;"Sociedad Espa√±ola de Neurolog√≠a";"Neurology (clinical) (Q4)"
254;17523;"Neurologia Croatica";journal;"03538842";0,103;Q4;5;8;31;176;2;31;0,11;22,00;Croatia;"Neuroloske Klinke I Zavoda Za Neuropatologiju Klinickog Bolnick Og Centra I Medicinskog Fakulteta Sveucilista U Zagrebu";"Neurology (clinical) (Q4)"
255;19291;"Revista Neurologica Argentina";journal;"15153347, 03250938";0,103;Q4;6;26;104;930;5;84;0,00;35,77;Argentina;"Sociedad Neurologica Argentina";"Neurology (clinical) (Q4)"
256;20011;"Chinese Journal of Neurology";journal;"10067876";0,102;Q4;7;137;334;1655;17;305;0,06;12,08;China;"Zhonghua Yixeuehui Zazhishe/Chinese Medical Association Publishing House";"Neurology (Q4); Neurology (clinical) (Q4)"
257;17300154985;"Autism Research";journal;"19393806";0,102;Q4;49;0;10;0;0;10;0,00;0,00;United States;"John Wiley & Sons Inc.";"Genetics (clinical) (Q4); Neurology (clinical) (Q4); Neuroscience (miscellaneous) (Q4)"
258;145672;"Udar Mozgu - Problemy Interdyscyplinarne";journal;"15056740";0,102;Q4;4;13;11;312;0;11;0,00;24,00;Poland;"Volumed";"Neurology (clinical) (Q4)"
259;144607;"Neuroforum";journal;"09470875";0,102;Q4;3;18;13;128;0;11;0,00;7,11;Germany;"Walter de Gruyter GmbH";"Neurology (Q4); Neurology (clinical) (Q4)"
260;15624;"Focus on Parkinson's Disease";journal;"09242015";0,101;Q4;2;4;17;105;0;14;0,00;26,25;Netherlands;"PMSI Bugamor BV";"Neurology (Q4); Neurology (clinical) (Q4)"
261;130169;"Sinapse";journal;"1645281";0,101;Q4;5;45;15;1167;0;15;0,00;25,93;Portugal;"Sociedade Portuguesa de Neurologia";"Cellular and Molecular Neuroscience (Q4); Neurology (clinical) (Q4)"
262;19336;"Zhurnal Voprosy Neirokhirurgii Imeni N.N. Burdenko";journal;"00428817";0,101;Q4;7;37;110;187;2;105;0,01;5,05;Russian Federation;"Media Sphera Publishing Group";"Medicine (miscellaneous) (Q4); Neurology (clinical) (Q4)"
263;17700155012;"Handbook of Clinical Neurology";book series;"00729752";0,101;Q4;35;64;36;6344;0;33;0,00;99,13;United States;"Elsevier Science Inc.";"Medicine (miscellaneous) (Q4); Neurology (Q4); Neurology (clinical) (Q4)"
264;23950;"Neurophysiologie-Labor";journal;"14394847";0,100;Q4;3;14;44;202;0;42;0,00;14,43;Netherlands;"Elsevier BV";"Neurology (clinical) (Q4); Pathology and Forensic Medicine (Q4); Physiology (medical) (Q4)"
265;55924;"Akupunktur und Traditionelle Chinesische Medizin";journal;"16146891";0,100;Q4;1;5;54;1;2;44;0,05;0,20;Germany;"Medizinisch Literarische Verlagsgesellschaft mbH";"Complementary and Alternative Medicine (Q4); Neurology (clinical) (Q4)"
266;74053;"Akupunktur";journal;"03403130";0,100;Q4;4;0;48;0;0;45;0,00;0,00;Germany;"Medizinisch Literarische Verlagsgesellschaft mbH";"Neurology (clinical) (Q4)"
267;19909;"Journal of the Japan Epilepsy Society";journal;"13475509, 09120890";0,100;Q4;3;7;56;135;1;54;0,02;19,29;Japan;"Nihon Tenkan Gakkai/Japan Epilepsy Society";"Neurology (Q4); Neurology (clinical) (Q4)"
268;38536;"Turk Serebrovaskuler Hastaliklar Dergisi";journal;"13011375";0,100;Q4;3;18;58;344;0;56;0,00;19,11;Turkey;"Turkish Society of Cerebrovascular Diseases";"Cardiology and Cardiovascular Medicine (Q4); Neurology (clinical) (Q4)"
269;15680;"Giornale di Neuropsicofarmacologia";journal;"03919048";0,100;Q4;1;15;79;273;0;70;0,00;18,20;Italy;"C I C Edizioni International srl";"Neurology (clinical) (Q4); Neuropsychology and Physiological Psychology (Q4); Neuroscience (miscellaneous) (Q4); Pharmaceutical Science (Q4); Pharmacology (Q4); Pharmacology (medical) (Q4); Psychiatry and Mental Health (Q4)"
270;62420;"Turkish Neurosurgery";journal;"10195149";0,100;Q4;20;44;91;772;0;91;0,00;17,55;Turkey;"Turkish Neurosurgical Society";"Neurology (clinical) (Q4); Surgery (Q4)"
271;5800173393;"Women's Health Medicine";journal;"17441870";0,100;Q4;6;74;96;648;0;96;0,00;8,76;United States;"Medicine Publishing";"Neurology (clinical) (Q4); Obstetrics and Gynecology (Q4); Public Health, Environmental and Occupational Health (Q4); Reproductive Medicine (Q4)"
272;15118;"Neuro-Ophthalmology Japan";journal;"02897024";0,100;Q4;3;38;149;755;3;146;0,01;19,87;Japan;"Japanese Neuro-Ophthalmology Society";"Neurology (clinical) (Q4); Ophthalmology (Q4)"
273;4000151712;"Chinese Journal of Contemporary Neurology and Neurosurgery";journal;"16726731";;-;7;37;0;474;0;0;0,00;12,81;China;"Tianjin Huanhu Hospital";"Neurology; Neurology (clinical)"
274;4700152448;"Yeni Symposium";journal;"13008773, 13044591";;-;6;26;0;844;0;0;0,00;32,46;Turkey;"Cerrahpasa Tip Fakultesi Psikiyatri Klinigi";"Biological Psychiatry; Neurology (clinical); Psychiatry and Mental Health"
275;5800179587;"Journal of Brachial Plexus and Peripheral Nerve Injury";journal;"17497221";;-;17;9;0;193;0;0;0,00;21,44;United Kingdom;"BioMed Central";"Neurology; Neurology (clinical)"
276;4700151708;"Pan Arab Journal of Neurosurgery";journal;"13196995";;-;4;41;0;751;0;0;0,00;18,32;Saudi Arabia;"Pan Arab Neurosurgical Society";"Neurology (clinical)"
277;4700152268;"CONTINUUM Lifelong Learning in Neurology";journal;"10802371";;-;23;65;0;2230;0;0;0,00;34,31;United States;"Lippincott Williams & Wilkins Ltd.";"Genetics (clinical); Medicine (miscellaneous); Neurology (clinical)"
278;10800153315;"Progress in Neurotherapeutics and Neuropsychopharmacology";journal;"17482321";;-;4;16;0;469;0;0;0,00;29,31;United Kingdom;"Cambridge University Press";"Neurology; Neurology (clinical); Psychiatry and Mental Health"
279;5700191214;"Molecular Neurodegeneration";journal;"17501326";;-;60;19;0;1233;0;0;0,00;64,89;United Kingdom;"BioMed Central";"Cellular and Molecular Neuroscience; Molecular Biology; Neurology (clinical)"
280;17500155127;"Sleep Medicine Clinics";journal;"1556407";;-;26;55;0;3566;0;0;0,00;64,84;Netherlands;"Elsevier BV";"Clinical Psychology; Medicine (miscellaneous); Neurology (clinical); Neuropsychology and Physiological Psychology; Psychiatry and Mental Health"
281;5100155058;"Aktualnosci Neurologiczne";journal;"16419227";;-;4;34;0;1186;0;0;0,00;34,88;Poland;"Malgorzata Pachecka";"Neurology (clinical)"
282;4700152407;"Annals of Indian Academy of Neurology";journal;"09722327";;-;19;55;0;975;0;0;0,00;17,73;India;"Medknow Publications";"Neurology (clinical)"
283;18634;"Progress in Neurological Surgery";journal;"00796492";;-;20;10;0;956;0;0;0,00;95,60;Switzerland;"S. Karger AG";"Medicine (miscellaneous); Neurology (clinical); Surgery"
284;4000151610;"International Journal of Neuroprotection and Neurogeneration";journal;"17451183, 17451191";;-;5;26;0;1066;0;0;0,00;41,00;United Kingdom;"RPA Publishers.";"Neurology (clinical); Pharmacology"
285;19700183500;"Neurology, Neurophysiology and Neuroscience";journal;"19331266";;-;4;8;0;160;0;0;0,00;20,00;United States;"Neuroscience Publications";"Medicine (miscellaneous); Neurology; Neurology (clinical)"
286;5300152729;"Pelvi-perineologie";journal;"17783712";;-;6;21;0;133;0;0;0,00;6,33;Germany;"Springer Verlag";"Neurology (clinical); Obstetrics and Gynecology"
287;3200147816;"Chinese Journal of Cerebrovascular Diseases";journal;"16725921";;-;4;76;0;957;0;0;0,00;12,59;China;"China Association of Doctors";"Cardiology and Cardiovascular Medicine; Neurology (clinical); Radiology, Nuclear Medicine and Imaging"
