Rank;Sourceid;Title;Type;Issn;SJR;SJR Quartile;H index;Total Docs. (2015);Total Docs. (3years);Total Refs.;Total Cites (3years);Citable Docs. (3years);Cites / Doc. (2years);Ref. / Doc.;Country;Publisher;Categories
1;16860;"The Lancet Neurology";journal;"14744422";11,799;Q1;240;276;753;8074;7623;278;27,77;29,25;United Kingdom;"The Lancet Publishing Group";"Neurology (clinical) (Q1)"
2;17552;"Acta Neuropathologica";journal;"14320533, 00016322";6,879;Q1;136;136;454;7998;4431;374;11,55;58,81;Germany;"Springer Verlag";"Cellular and Molecular Neuroscience (Q1); Neurology (clinical) (Q1); Pathology and Forensic Medicine (Q1)"
3;14317;"Brain";journal;"14602156, 00068950";6,232;Q1;296;414;1085;18004;9309;819;10,96;43,49;United Kingdom;"Oxford University Press";"Medicine (miscellaneous) (Q1); Neurology (clinical) (Q1)"
4;14179;"Annals of Neurology";journal;"03645134, 15318249";5,861;Q1;266;237;778;7741;6024;555;10,48;32,66;United States;"John Wiley & Sons Inc.";"Neurology (Q1); Neurology (clinical) (Q1)"
5;17700156408;"Nature Reviews Neurology";journal;"17594758, 17594766";4,906;Q1;113;177;554;7322;3365;338;11,29;41,37;United Kingdom;"Nature Publishing Group";"Cellular and Molecular Neuroscience (Q1); Neurology (clinical) (Q1)"
6;3600148102;"Alzheimer's and Dementia";journal;"15525260, 15525279";4,581;Q1;84;148;359;8222;3563;332;10,90;55,55;Netherlands;"Elsevier BV";"Cellular and Molecular Neuroscience (Q1); Developmental Neuroscience (Q1); Epidemiology (Q1); Geriatrics and Gerontology (Q1); Health Policy (Q1); Neurology (clinical) (Q1); Psychiatry and Mental Health (Q1)"
7;17952;"Neurology";journal;"00283878";3,762;Q1;322;1213;3573;19393;15543;1989;7,71;15,99;United States;"Lippincott Williams & Wilkins Ltd.";"Neurology (clinical) (Q1)"
8;21100228519;"JAMA Neurology";journal;"21686149, 21686157";3,752;Q1;203;330;911;6378;4800;636;8,26;19,33;United States;"American Medical Association";"Neurology (clinical) (Q1)"
9;20618;"Stroke";journal;"15244628, 00392499";3,669;Q1;285;723;2353;16730;12486;1850;6,51;23,14;United States;"Lippincott Williams & Wilkins Ltd.";"Advanced and Specialized Nursing (Q1); Cardiology and Cardiovascular Medicine (Q1); Medicine (miscellaneous) (Q1); Neurology (clinical) (Q1); Neuroscience (miscellaneous) (Q1)"
10;5700191214;"Molecular Neurodegeneration";journal;"17501326";3,636;Q1;60;69;169;4098;1135;167;6,74;59,39;United Kingdom;"BioMed Central";"Cellular and Molecular Neuroscience (Q1); Molecular Biology (Q1); Neurology (clinical) (Q1)"
11;19837;"Sleep Medicine Reviews";journal;"10870792";3,399;Q1;116;63;170;5488;1268;138;7,54;87,11;United Kingdom;"Elsevier Ltd.";"Neurology (Q1); Neurology (clinical) (Q1); Physiology (medical) (Q1); Pulmonary and Respiratory Medicine (Q1)"
12;21100229200;"Frontiers in Evolutionary Neuroscience";journal;"1663070";3,344;Q1;16;0;18;0;94;16;0,00;0,00;Switzerland;"Frontiers Media S.A.";"Neurology (clinical) (Q1); Neuroscience (miscellaneous) (Q1)"
13;12499;"Neuro-Oncology";journal;"15228517";3,246;Q1;94;212;605;8110;3972;510;7,65;38,25;United States;"Oxford University Press";"Cancer Research (Q1); Neurology (clinical) (Q1); Oncology (Q1)"
14;16101;"Human Brain Mapping";journal;"10659471, 10970193";3,212;Q1;166;378;939;26292;5543;936;5,60;69,56;United States;"John Wiley & Sons Inc.";"Anatomy (Q1); Neurology (Q1); Neurology (clinical) (Q1); Radiological and Ultrasound Technology (Q1); Radiology, Nuclear Medicine and Imaging (Q1)"
15;18059;"Neuroscientist";journal;"10738584";3,198;Q1;107;65;184;4916;1057;179;5,43;75,63;United States;"Sage Science Press";"Neurology (clinical) (Q1); Neuroscience (miscellaneous) (Q1)"
16;16667;"Journal of Cerebral Blood Flow and Metabolism";journal;"0271678";3,112;Q1;170;290;697;11575;4085;670;5,31;39,91;United States;"SAGE Publications Inc.";"Cardiology and Cardiovascular Medicine (Q1); Neurology (Q1); Neurology (clinical) (Q1)"
17;18148;"Pain";journal;"03043959";3,107;Q1;229;374;1165;16694;5862;877;6,56;44,64;Netherlands;"Lippincott Williams & Wilkins Ltd.";"Anesthesiology and Pain Medicine (Q1); Neurology (Q1); Neurology (clinical) (Q1); Pharmacology (Q1)"
18;16757;"Journal of Neurology, Neurosurgery and Psychiatry";journal;"1468330, 00223050";2,986;Q1;182;257;887;7468;4108;643;6,19;29,06;United Kingdom;"BMJ Publishing Group";"Neurology (clinical) (Q1); Psychiatry and Mental Health (Q1); Surgery (Q1)"
19;23985;"Neurobiology of Aging";journal;"01974580";2,865;Q1;159;451;1341;22722;7280;1306;5,49;50,38;Netherlands;"Elsevier BV";"Aging (Q1); Developmental Biology (Q1); Geriatrics and Gerontology (Q1); Neurology (clinical) (Q1); Neuroscience (miscellaneous) (Q1)"
20;17407;"Movement Disorders";journal;"15318257, 08853185";2,838;Q1;166;346;1234;11254;5084;820;5,83;32,53;United States;"John Wiley & Sons Inc.";"Neurology (Q1); Neurology (clinical) (Q1)"
21;19830;"Sleep";journal;"01618105";2,668;Q1;175;250;741;9299;3382;566;5,37;37,20;United States;"Oxford University Press";"Neurology (clinical) (Q1); Physiology (medical) (Q1)"
22;15510;"Epilepsia";journal;"00139580, 15281167";2,646;Q1;168;323;1171;8378;5782;1037;5,48;25,94;United Kingdom;"Blackwell Publishing Inc.";"Neurology (Q1); Neurology (clinical) (Q1)"
23;33648;"Neurorehabilitation and Neural Repair";journal;"15459683";2,555;Q1;87;118;275;5395;1504;269;5,01;45,72;United States;"Sage Science Press";"Neurology (Q1); Neurology (clinical) (Q1); Rehabilitation (Q1)"
24;14945;"Cortex";journal;"00109452";2,507;Q1;93;315;651;17905;2883;546;4,78;56,84;France;"Masson Publishing";"Cognitive Neuroscience (Q1); Developmental and Educational Psychology (Q1); Experimental and Cognitive Psychology (Q1); Neurology (Q1); Neurology (clinical) (Q1); Neuropsychology and Physiological Psychology (Q1)"
25;5100155080;"Neurotherapeutics";journal;"19337213";2,507;Q1;96;83;219;7591;1205;204;5,29;91,46;United States;"Springer New York LLC";"Neurology (clinical) (Q1); Pharmacology (Q1); Pharmacology (medical) (Q1)"
26;11700154204;"Brain Stimulation";journal;"1935861";2,454;Q1;55;182;419;7014;1909;326;5,36;38,54;Netherlands;"Elsevier BV";"Biophysics (Q1); Neurology (clinical) (Q1); Neuroscience (miscellaneous) (Q1)"
27;21100222534;"NeuroImage: Clinical";journal;"22131582";2,452;Q1;38;242;368;14970;1900;365;5,22;61,86;Netherlands;"Elsevier BV";"Cognitive Neuroscience (Q1); Neurology (Q1); Neurology (clinical) (Q1); Radiology, Nuclear Medicine and Imaging (Q1)"
28;15987;"Journal of Pain";journal;"15265900";2,347;Q1;102;143;466;6885;2412;431;5,20;48,15;United States;"Churchill Livingstone";"Anesthesiology and Pain Medicine (Q1); Neurology (Q1); Neurology (clinical) (Q1)"
29;14344;"Brain Pathology";journal;"10156305";2,340;Q1;119;92;280;4882;1104;228;5,03;53,07;United States;"Wiley-Blackwell";"Neurology (clinical) (Q1); Neuroscience (miscellaneous) (Q1); Pathology and Forensic Medicine (Q1)"
30;10600153347;"Brain Imaging and Behavior";journal;"19317557, 19317565";2,307;Q1;34;79;158;4403;788;155;3,81;55,73;United States;"Springer New York LLC";"Behavioral Neuroscience (Q1); Cellular and Molecular Neuroscience (Q1); Cognitive Neuroscience (Q1); Neurology (Q1); Neurology (clinical) (Q1); Psychiatry and Mental Health (Q1); Radiology, Nuclear Medicine and Imaging (Q1)"
31;17408;"Multiple Sclerosis";journal;"13524585, 14770970";2,305;Q1;106;410;894;10482;3625;722;4,95;25,57;United States;"SAGE Publications";"Neurology (Q1); Neurology (clinical) (Q1)"
32;16761;"Journal of Neuropathology and Experimental Neurology";journal;"00223069";2,269;Q1;149;105;301;5000;1242;281;3,56;47,62;United Kingdom;"Oxford University Press";"Cellular and Molecular Neuroscience (Q1); Medicine (miscellaneous) (Q1); Neurology (Q1); Neurology (clinical) (Q1); Pathology and Forensic Medicine (Q1)"
33;14993;"Current Opinion in Neurology";journal;"13507540, 14736551";2,246;Q1;107;97;313;5330;1545;295;5,13;54,95;United States;"Lippincott Williams & Wilkins Ltd.";"Neurology (Q1); Neurology (clinical) (Q1)"
34;17300154985;"Autism Research";journal;"19393806";2,236;Q1;49;74;163;3868;790;154;3,51;52,27;United States;"John Wiley & Sons Inc.";"Genetics (clinical) (Q1); Neurology (clinical) (Q1); Neuroscience (miscellaneous) (Q1)"
35;19700174935;"Alzheimer's Research and Therapy";journal;"17589193";2,175;Q1;43;80;203;3889;1004;193;5,05;48,61;United Kingdom;"BioMed Central";"Cognitive Neuroscience (Q1); Neurology (Q1); Neurology (clinical) (Q1)"
36;21100367530;"Acta neuropathologica communications";journal;"20515960";2,101;Q1;29;88;244;435;874;239;3,66;4,94;United Kingdom;"BioMed Central";"Neurology (clinical) (Q1); Pathology and Forensic Medicine (Q1); Cellular and Molecular Neuroscience (Q2)"
37;12235;"Journal of Neurotrauma";journal;"08977151";2,047;Q1;127;212;699;11327;3161;676;4,60;53,43;United States;"Mary Ann Liebert Inc.";"Neurology (clinical) (Q1)"
38;13068;"Spine";journal;"03622436";2,045;Q1;224;506;1893;13563;5501;1672;2,96;26,80;United States;"Lippincott Williams & Wilkins Ltd.";"Neurology (clinical) (Q1); Orthopedics and Sports Medicine (Q1); Sports Science (Q1)"
39;14841;"Cephalalgia";journal;"14682982, 03331024";2,034;Q1;111;205;503;6474;2047;387;6,03;31,58;United States;"SAGE Publications";"Medicine (miscellaneous) (Q1); Neurology (clinical) (Q1)"
40;32816;"Neural Plasticity";journal;"07928483, 16875443";1,957;Q1;50;152;227;10209;899;210;3,99;67,16;Egypt;"Hindawi Publishing Corporation";"Neurology (Q1); Neurology (clinical) (Q1)"
41;15576;"European Neuropsychopharmacology";journal;"0924977";1,903;Q1;96;236;499;13185;2259;480;4,70;55,87;Netherlands;"Elsevier BV";"Neurology (Q1); Neurology (clinical) (Q1); Pharmacology (Q1); Pharmacology (medical) (Q1); Psychiatry and Mental Health (Q1); Biological Psychiatry (Q2)"
42;17990;"Neuropathology and Applied Neurobiology";journal;"03051846, 13652990";1,893;Q1;82;79;224;4457;754;187;4,12;56,42;United Kingdom;"Blackwell Publishing Inc.";"Histology (Q1); Neurology (Q1); Neurology (clinical) (Q1); Pathology and Forensic Medicine (Q1); Physiology (medical) (Q1)"
43;19700174928;"ASN Neuro";journal;"17590914";1,855;Q1;31;45;85;2806;335;84;3,00;62,36;United Kingdom;"Portland Press, Ltd.";"Neurology (clinical) (Q1); Neuroscience (miscellaneous) (Q1)"
44;20106;"CNS Drugs";journal;"11727047";1,767;Q1;96;79;282;6623;1455;258;5,91;83,84;United Kingdom;"Adis International Ltd.";"Neurology (clinical) (Q1); Pharmacology (medical) (Q1); Psychiatry and Mental Health (Q1)"
45;20028;"American Journal of Neuroradiology";journal;"01956108";1,761;Q1;158;410;1343;10715;4455;1165;3,44;26,13;United States;"American Society of Neuoradiology";"Medicine (miscellaneous) (Q1); Neurology (clinical) (Q1); Radiology, Nuclear Medicine and Imaging (Q1)"
46;16767;"Journal of Neurosurgery";journal;"00223085";1,751;Q1;184;490;1753;12704;4635;1097;3,93;25,93;United States;"American Association of Neurological Surgeons";"Neurology (clinical) (Q1); Surgery (Q1)"
47;15549;"European Journal of Neurology";journal;"13515101, 14681331";1,749;Q1;109;251;838;7194;2991;661;4,41;28,66;United Kingdom;"Blackwell Publishing Inc.";"Neurology (Q1); Neurology (clinical) (Q1)"
48;14987;"Developmental Medicine and Child Neurology";journal;"00121622, 14698749";1,714;Q1;125;266;799;5726;1962;479;3,83;21,53;United States;"Wiley-Blackwell";"Neurology (clinical) (Q1); Pediatrics, Perinatology and Child Health (Q1); Developmental Neuroscience (Q2)"
49;17494;"Neuroepidemiology";journal;"02515350, 14230208";1,704;Q1;74;70;204;2371;596;167;3,32;33,87;Switzerland;"S. Karger AG";"Neurology (clinical) (Q1); Epidemiology (Q2)"
50;14857;"Cerebrovascular Diseases";journal;"10159770, 14219786";1,690;Q1;92;90;457;2732;1535;406;3,42;30,36;Switzerland;"S. Karger AG";"Cardiology and Cardiovascular Medicine (Q1); Medicine (miscellaneous) (Q1); Neurology (Q1); Neurology (clinical) (Q1)"
51;14853;"Cerebellum";journal;"14734222, 14734230";1,676;Q1;57;82;320;4245;967;297;2,84;51,77;United States;"Springer New York";"Medicine (miscellaneous) (Q1); Neurology (Q1); Neurology (clinical) (Q1)"
52;37369;"Journal of Neurosurgery: Spine";journal;"15475646, 15475654";1,645;Q1;78;245;825;6051;1860;616;2,61;24,70;United States;"American Association of Neurological Surgeons";"Medicine (miscellaneous) (Q1); Neurology (Q1); Neurology (clinical) (Q1); Surgery (Q1)"
53;130034;"Current Alzheimer Research";journal;"15672050";1,628;Q1;74;110;342;6568;1284;330;3,50;59,71;United Arab Emirates;"Bentham Science Publishers";"Neurology (Q1); Neurology (clinical) (Q1)"
54;13070;"Spine Journal";journal;"15299430";1,588;Q1;88;555;1026;11265;2426;775;2,99;20,30;Netherlands;"Elsevier BV";"Neurology (clinical) (Q1); Surgery (Q1)"
55;14900;"Clinical Neurophysiology";journal;"13882457";1,582;Q1;157;338;1033;14162;2977;795;3,57;41,90;Netherlands;"Elsevier BV";"Neurology (Q1); Neurology (clinical) (Q1); Sensory Systems (Q1); Physiology (medical) (Q2)"
56;18069;"Neurosurgery";journal;"0148396";1,567;Q1;176;759;2706;10615;3996;1100;3,47;13,99;United States;"Lippincott Williams & Wilkins Ltd.";"Neurology (clinical) (Q1); Surgery (Q1)"
57;19400158590;"Journal of Neurodevelopmental Disorders";journal;"18661955, 18661947";1,562;Q1;32;36;86;2082;297;83;2,98;57,83;United Kingdom;"BioMed Central";"Neurology (clinical) (Q1); Pathology and Forensic Medicine (Q1); Pediatrics, Perinatology and Child Health (Q1); Cognitive Neuroscience (Q2)"
58;18572;"Parkinsonism and Related Disorders";journal;"13538020";1,561;Q1;79;326;986;7022;3055;754;4,00;21,54;Netherlands;"Elsevier BV";"Geriatrics and Gerontology (Q1); Neurology (Q1); Neurology (clinical) (Q1)"
59;16790;"Journal of Pain and Symptom Management";journal;"08853924";1,525;Q1;124;259;727;7615;1814;565;3,13;29,40;Netherlands;"Elsevier BV";"Anesthesiology and Pain Medicine (Q1); Neurology (clinical) (Q1); Nursing (miscellaneous) (Q1)"
60;14989;"Current Neurology and Neuroscience Reports";journal;"15284042, 15346293";1,494;Q1;59;97;285;7714;965;276;3,25;79,53;United States;"Current Science Inc.";"Neurology (clinical) (Q1); Neuroscience (miscellaneous) (Q2)"
61;25336;"Neurodegenerative Diseases";journal;"16602862, 16602854";1,493;Q1;49;45;206;1800;592;201;2,54;40,00;Switzerland;"S. Karger AG";"Neurology (clinical) (Q1); Neurology (Q2)"
62;21100349562;"Aging and Disease";journal;"21525250";1,492;Q1;32;48;114;3694;476;111;4,37;76,96;United States;"International Society on Aging and Disease";"Geriatrics and Gerontology (Q1); Neurology (clinical) (Q1); Pathology and Forensic Medicine (Q1); Cell Biology (Q2)"
63;14352;"Brain Topography";journal;"08960267, 15736792";1,487;Q1;60;47;198;2480;564;193;3,17;52,77;United States;"Kluwer Academic/Plenum Publishers";"Anatomy (Q1); Neurology (clinical) (Q1); Radiological and Ultrasound Technology (Q1); Radiology, Nuclear Medicine and Imaging (Q1); Neurology (Q2)"
64;17976;"Neuromuscular Disorders";journal;"09608966";1,484;Q1;85;161;456;4050;1331;425;3,17;25,16;Netherlands;"Elsevier BV";"Neurology (clinical) (Q1); Pediatrics, Perinatology and Child Health (Q1); Genetics (clinical) (Q2); Neurology (Q2)"
65;21100256102;"Translational Neurodegeneration";journal;"20479158";1,461;Q1;21;23;71;1601;257;68;3,10;69,61;United Kingdom;"BioMed Central";"Neurology (clinical) (Q1); Cognitive Neuroscience (Q2); Cellular and Molecular Neuroscience (Q3)"
66;16751;"Journal of Neurology";journal;"03405354";1,460;Q1;118;356;1374;11085;3738;1004;3,57;31,14;Germany;"Dr. Dietrich Steinkopff Verlag";"Neurology (clinical) (Q1); Neurology (Q2)"
67;21100235630;"Amyotrophic Lateral Sclerosis and Frontotemporal Degeneration";journal;"21678421, 21679223";1,436;Q1;60;92;346;2469;875;309;3,15;26,84;United Kingdom;"Informa Healthcare";"Medicine (miscellaneous) (Q1); Neurology (clinical) (Q1); Neurology (Q2)"
68;16188;"Journal of the International Neuropsychological Society";journal;"14697661, 13556177";1,404;Q1;111;96;352;5262;1078;341;2,79;54,81;United Kingdom;"Cambridge University Press";"Clinical Psychology (Q1); Neurology (clinical) (Q1); Psychiatry and Mental Health (Q1); Neuroscience (miscellaneous) (Q2)"
69;14990;"Current Neuropharmacology";journal;"1570159";1,392;Q1;53;79;120;8032;480;110;4,18;101,67;United Arab Emirates;"Bentham Science Publishers";"Medicine (miscellaneous) (Q1); Neurology (clinical) (Q1); Pharmacology (Q1); Pharmacology (medical) (Q1); Psychiatry and Mental Health (Q1); Neurology (Q2)"
70;14314;"Otology and Neurotology";journal;"15317129";1,381;Q1;90;337;1038;7519;2010;898;2,13;22,31;United States;"Lippincott Williams & Wilkins Ltd.";"Medicine (miscellaneous) (Q1); Neurology (clinical) (Q1); Otorhinolaryngology (Q1); Sensory Systems (Q1)"
71;14346;"Brain Research";journal;"00068993";1,377;Q1;183;683;2017;44409;5866;1984;2,71;65,02;Netherlands;"Elsevier BV";"Neurology (clinical) (Q1); Developmental Biology (Q2); Molecular Biology (Q2); Neuroscience (miscellaneous) (Q2)"
72;145668;"Supplements to Clinical neurophysiology";journal;"1567424";1,367;Q1;24;0;21;0;64;20;3,20;0,00;Netherlands;"Elsevier BV";"Neurology (clinical) (Q1); Neuroscience (miscellaneous) (Q2)"
73;17500155152;"American Journal on Intellectual and Developmental Disabilities";journal;"19447515, 19447558";1,348;Q1;74;38;114;1283;293;105;2,20;33,76;United States;"American Association on Intellectual and Developmental Disabilities";"Arts and Humanities (miscellaneous) (Q1); Developmental and Educational Psychology (Q1); Medicine (miscellaneous) (Q1); Neurology (clinical) (Q1); Pediatrics, Perinatology and Child Health (Q1); Psychiatry and Mental Health (Q1); Neuropsychology and Physiological Psychology (Q2)"
74;29954;"Journal of Neuro-Oncology";journal;"15737373, 0167594";1,323;Q1;102;325;960;10879;3124;888;3,17;33,47;Netherlands;"Kluwer Academic Publishers";"Neurology (clinical) (Q1); Cancer Research (Q2); Neurology (Q2); Oncology (Q2)"
75;16202;"International Review of Neurobiology";book series;"00747742";1,319;Q1;69;55;210;7264;604;191;3,31;132,07;United States;"Elsevier Inc.";"Neurology (clinical) (Q1); Cellular and Molecular Neuroscience (Q3)"
76;19400158804;"Translational Stroke Research";journal;"18684483";1,316;Q1;33;50;253;2124;778;236;3,84;42,48;United States;"Springer New York LLC";"Cardiology and Cardiovascular Medicine (Q1); Neurology (clinical) (Q1); Neuroscience (miscellaneous) (Q2)"
77;21100212316;"Frontiers in Neurology";journal;"16642295";1,310;Q1;41;280;636;17990;2100;603;3,46;64,25;Switzerland;"Frontiers Media S.A.";"Neurology (clinical) (Q1); Neurology (Q2)"
78;21100823147;"Annals of Clinical and Translational Neurology";journal;"23289503";1,309;Q1;22;66;103;2540;288;100;2,88;38,48;United States;"John Wiley and Sons Inc.";"Neurology (clinical) (Q1); Neuroscience (miscellaneous) (Q2)"
79;16714;"Journal of Headache and Pain";journal;"11292377, 11292369";1,283;Q1;48;230;301;4179;993;270;3,54;18,17;Germany;"Springer Verlag";"Anesthesiology and Pain Medicine (Q1); Medicine (miscellaneous) (Q1); Neurology (clinical) (Q1)"
80;19700177306;"International Journal of Alzheimer's Disease";journal;"20908024, 20900252";1,280;Q1;37;11;148;724;474;137;1,85;65,82;Egypt;"Hindawi Publishing Corporation";"Neurology (clinical) (Q1); Aging (Q2); Behavioral Neuroscience (Q2); Cognitive Neuroscience (Q2); Neurology (Q2); Cellular and Molecular Neuroscience (Q3)"
81;3900148612;"Journal of Clinical Sleep Medicine";journal;"15509389, 15509397";1,268;Q1;73;205;571;6575;1542;451;2,89;32,07;United States;"The American Academy of Sleep Medicine";"Neurology (clinical) (Q1); Pulmonary and Respiratory Medicine (Q1); Neurology (Q2)"
82;21100215180;"Neurology Research International";journal;"20901852, 20901860";1,263;Q1;23;24;106;1236;319;98;2,47;51,50;Egypt;"Hindawi Publishing Corporation";"Neurology (clinical) (Q1); Neurology (Q2)"
83;14880;"Clinical Journal of Pain";journal;"07498047";1,257;Q1;113;140;423;6876;1308;394;2,93;49,11;United States;"Lippincott Williams & Wilkins Ltd.";"Anesthesiology and Pain Medicine (Q1); Neurology (clinical) (Q1)"
84;12218;"Journal of Head Trauma Rehabilitation";journal;"08859701, 1550509";1,253;Q1;85;92;217;3751;640;201;3,06;40,77;United States;"Lippincott Williams & Wilkins Ltd.";"Neurology (clinical) (Q1); Physical Therapy, Sports Therapy and Rehabilitation (Q1); Rehabilitation (Q1)"
85;15771;"Muscle and Nerve";journal;"10974598, 0148639";1,225;Q1;129;380;989;9826;2261;788;2,98;25,86;United States;"John Wiley & Sons Inc.";"Neurology (clinical) (Q1); Physiology (Q2); Physiology (medical) (Q2); Cellular and Molecular Neuroscience (Q3)"
86;17309;"Neuroradiology";journal;"14321920, 00283940";1,221;Q1;86;128;490;4451;1206;438;2,53;34,77;Germany;"Springer Verlag";"Cardiology and Cardiovascular Medicine (Q1); Neurology (clinical) (Q1); Radiology, Nuclear Medicine and Imaging (Q1)"
87;19228;"Restorative Neurology and Neuroscience";journal;"09226028";1,219;Q1;67;87;169;4739;536;165;3,07;54,47;Netherlands;"IOS Press";"Neurology (clinical) (Q1); Developmental Neuroscience (Q2); Neurology (Q2)"
88;12266;"Journal of Spinal Disorders and Techniques";journal;"15360652, 15392465";1,213;Q1;82;159;358;4084;688;352;1,79;25,69;United States;"Lippincott Williams & Wilkins Ltd.";"Neurology (clinical) (Q1); Orthopedics and Sports Medicine (Q1); Surgery (Q1)"
89;17548;"Acta Neurologica Scandinavica";journal;"00016314, 16000404";1,205;Q2;84;132;455;4268;1192;409;2,92;32,33;United Kingdom;"Blackwell Publishing Inc.";"Medicine (miscellaneous) (Q1); Neurology (Q2); Neurology (clinical) (Q2)"
90;16749;"Journal of Neuroimmunology";journal;"01655728";1,196;Q2;127;218;592;9188;1671;583;2,89;42,15;Netherlands;"Elsevier BV";"Immunology (Q2); Immunology and Allergy (Q2); Neurology (Q2); Neurology (clinical) (Q2)"
91;130054;"Neurocritical Care";journal;"15416933, 15560961";1,195;Q2;59;134;438;4608;1227;406;2,65;34,39;United States;"Humana Press, Inc.";"Critical Care and Intensive Care Medicine (Q1); Neurology (clinical) (Q2)"
92;4000148206;"Journal of Neurologic Physical Therapy";journal;"15570584, 15570576";1,195;Q2;40;33;89;1386;191;65;2,47;42,00;United States;"Lippincott Williams & Wilkins Ltd.";"Geriatrics and Gerontology (Q1); Medicine (miscellaneous) (Q1); Physical Therapy, Sports Therapy and Rehabilitation (Q1); Rehabilitation (Q1); Neurology (clinical) (Q2)"
93;29549;"Journal of Geriatric Psychiatry and Neurology";journal;"08919887";1,191;Q2;62;38;99;1717;286;95;2,59;45,18;United States;"SAGE Publications";"Geriatrics and Gerontology (Q1); Psychiatry and Mental Health (Q1); Neurology (clinical) (Q2)"
94;19700177310;"Cardiovascular Psychiatry and Neurology";journal;"20900171, 20900163";1,185;Q2;19;2;37;145;111;37;2,61;72,50;Egypt;"Hindawi Publishing Corporation";"Cardiology and Cardiovascular Medicine (Q1); Psychiatry and Mental Health (Q1); Neurology (Q2); Neurology (clinical) (Q2)"
95;16726;"Journal of Intellectual Disability Research";journal;"13652788, 09642633";1,165;Q2;89;107;292;4292;680;283;2,09;40,11;United Kingdom;"Blackwell Publishing Inc.";"Arts and Humanities (miscellaneous) (Q1); Psychiatry and Mental Health (Q1); Rehabilitation (Q1); Neurology (Q2); Neurology (clinical) (Q2)"
96;16834;"Journal of the Peripheral Nervous System";journal;"10859489, 15298027";1,158;Q2;60;36;179;980;433;155;2,63;27,22;United Kingdom;"Blackwell Publishing Inc.";"Medicine (miscellaneous) (Q1); Neurology (clinical) (Q2); Neuroscience (miscellaneous) (Q2)"
97;19900191888;"Journal of Parkinson's Disease";journal;"1877718, 18777171";1,133;Q2;25;97;176;4652;515;169;3,14;47,96;Netherlands;"IOS Press";"Neurology (clinical) (Q2); Cellular and Molecular Neuroscience (Q3)"
98;13163;"Epilepsy and Behavior";journal;"15255050, 15255069";1,129;Q2;88;503;1191;18804;2830;971;2,77;37,38;United States;"Elsevier Inc.";"Behavioral Neuroscience (Q2); Neurology (Q2); Neurology (clinical) (Q2)"
99;16075;"Headache";journal;"15264610, 00178748";1,123;Q2;105;260;781;7251;1621;493;3,48;27,89;United Kingdom;"Blackwell Publishing Inc.";"Neurology (Q2); Neurology (clinical) (Q2)"
100;14258;"BMC Neurology";journal;"14712377";1,118;Q2;59;263;631;9011;1705;630;2,39;34,26;United Kingdom;"BioMed Central";"Medicine (miscellaneous) (Q1); Neurology (clinical) (Q2)"
101;19700174913;"Therapeutic Advances in Neurological Disorders";journal;"17562856, 17562864";1,113;Q2;35;31;88;1534;312;81;3,57;49,48;United Kingdom;"SAGE Publications";"Neurology (Q2); Neurology (clinical) (Q2); Pharmacology (Q2)"
102;19700177308;"Stroke Research and Treatment";journal;"20908105, 20420056";1,097;Q2;23;9;146;489;379;137;2,54;54,33;Egypt;"Hindawi Publishing Corporation";"Neurology (clinical) (Q2)"
103;21100790355;"Multiple Sclerosis International";journal;"20902654, 20902662";1,088;Q2;4;4;1;97;4;1;4,00;24,25;United States;"Hindawi Publishing Corporation";"Neurology (clinical) (Q2)"
104;145175;"Neurosurgical Focus";journal;"10920684";1,088;Q2;75;217;603;7343;1434;519;2,37;33,84;United States;"American Association of Neurological Surgeons";"Medicine (miscellaneous) (Q1); Surgery (Q1); Neurology (clinical) (Q2)"
105;15300154855;"Journal of Neural Transmission";journal;"03009564";1,085;Q2;96;184;563;9006;1529;547;2,70;48,95;Germany;"Springer Verlag";"Psychiatry and Mental Health (Q1); Biological Psychiatry (Q2); Neurology (Q2); Neurology (clinical) (Q2)"
106;17973;"Neuromodulation";journal;"15251403, 10947159";1,081;Q2;48;276;738;3602;685;248;2,75;13,05;United Kingdom;"Blackwell Publishing Inc.";"Anesthesiology and Pain Medicine (Q1); Medicine (miscellaneous) (Q1); Neurology (Q2); Neurology (clinical) (Q2)"
107;16762;"Journal of Neuropsychiatry and Clinical Neurosciences";journal;"15457222, 08950172";1,079;Q2;97;125;580;3224;636;163;2,98;25,79;United States;"American Psychiatric Publishing, Inc.";"Medicine (miscellaneous) (Q1); Psychiatry and Mental Health (Q1); Neurology (clinical) (Q2)"
108;16820;"Journal of the Neurological Sciences";journal;"0022510";1,068;Q2;120;641;1474;17061;3420;1313;2,51;26,62;Netherlands;"Elsevier BV";"Neurology (Q2); Neurology (clinical) (Q2)"
109;19884;"Spinal Cord";journal;"13624393, 14765624";1,059;Q2;93;206;619;4167;1106;518;1,76;20,23;United Kingdom;"Nature Publishing Group";"Medicine (miscellaneous) (Q1); Neurology (Q2); Neurology (clinical) (Q2)"
110;15514;"Epilepsy Research";journal;"09201211";1,052;Q2;104;196;658;6884;1606;638;2,55;35,12;Netherlands;"Elsevier BV";"Neurology (Q2); Neurology (clinical) (Q2)"
111;14904;"Clinical neurosurgery";journal;"00694827";1,052;Q2;26;25;87;396;123;46;2,47;15,84;United States;"Williams & Wilkins Co.";"Surgery (Q1); Neurology (clinical) (Q2)"
112;22097;"Neurosurgical Review";journal;"03445607, 14372320";1,051;Q2;52;86;614;3608;491;208;2,23;41,95;Germany;"Springer Verlag";"Medicine (miscellaneous) (Q1); Surgery (Q1); Neurology (clinical) (Q2)"
113;145172;"Behavioral Sleep Medicine";journal;"15402002, 15402010";1,045;Q2;38;42;89;1494;229;79;2,56;35,57;United States;"Lawrence Erlbaum Associates Inc.";"Medicine (miscellaneous) (Q1); Psychology (miscellaneous) (Q1); Neurology (clinical) (Q2); Neuroscience (miscellaneous) (Q2)"
114;14991;"European Journal of Paediatric Neurology";journal;"10903798";1,040;Q2;54;124;351;3222;878;333;2,37;25,98;United Kingdom;"W. B. Saunders Co., Ltd.";"Medicine (miscellaneous) (Q1); Pediatrics, Perinatology and Child Health (Q1); Neurology (clinical) (Q2)"
115;21370;"Expert Review of Neurotherapeutics";journal;"14737175";1,037;Q2;63;115;454;9035;1270;414;2,75;78,57;United Kingdom;"Taylor & Francis";"Neurology (clinical) (Q2); Neuroscience (miscellaneous) (Q2); Pharmacology (medical) (Q2)"
116;16785;"Journal of NeuroVirology";journal;"13550284, 15382443";1,031;Q2;76;65;225;3026;529;211;2,59;46,55;United Kingdom;"Taylor and Francis Ltd";"Neurology (Q2); Neurology (clinical) (Q2); Virology (Q2); Cellular and Molecular Neuroscience (Q3)"
117;21100307455;"Journal of oral & facial pain and headache";journal;"23330376, 23330384";1,029;Q2;35;46;119;1565;348;104;3,53;34,02;United States;"Quintessence Publishing Company";"Anesthesiology and Pain Medicine (Q1); Dentistry (miscellaneous) (Q1); Neurology (clinical) (Q2)"
118;19700201513;"Journal of NeuroInterventional Surgery";journal;"17598486, 17598478";1,021;Q2;32;218;589;4637;1166;511;2,43;21,27;United Kingdom;"BMJ Publishing Group";"Medicine (miscellaneous) (Q1); Surgery (Q1); Neurology (clinical) (Q2)"
119;12736;"Journal of Clinical and Experimental Neuropsychology";journal;"1744411, 13803395";1,014;Q2;94;93;288;5058;688;285;1,88;54,39;United Kingdom;"Taylor & Francis";"Clinical Psychology (Q1); Neurology (Q2); Neurology (clinical) (Q2)"
120;19700177307;"Parkinson's Disease";journal;"20908083, 20420080";1,005;Q2;32;103;140;5623;410;133;2,26;54,59;Egypt;"Hindawi Publishing Corporation";"Neurology (clinical) (Q2); Neuroscience (miscellaneous) (Q2); Psychiatry and Mental Health (Q2)"
121;20041;"Neurourology and Urodynamics";journal;"15206777, 07332467";0,992;Q2;79;150;438;3575;986;370;2,73;23,83;United States;"John Wiley & Sons Inc.";"Urology (Q1); Neurology (clinical) (Q2)"
122;19015;"Metabolic Brain Disease";journal;"08857490, 15737365";0,991;Q2;57;136;322;7155;836;307;2,69;52,61;United States;"Kluwer Academic/Plenum Publishers";"Biochemistry (Q2); Neurology (clinical) (Q2); Cellular and Molecular Neuroscience (Q3)"
123;21911;"Journal of Neurosurgical Anesthesiology";journal;"08984921";0,982;Q2;55;84;230;1910;440;138;3,43;22,74;United States;"Lippincott Williams & Wilkins Ltd.";"Anesthesiology and Pain Medicine (Q1); Surgery (Q1); Neurology (clinical) (Q2)"
124;20653;"Topics in Stroke Rehabilitation";journal;"10749357";0,981;Q2;50;51;185;1639;409;179;1,91;32,14;United Kingdom;"Taylor & Francis";"Community and Home Care (Q1); Rehabilitation (Q1); Neurology (clinical) (Q2)"
125;11200153402;"Journal of Neurosurgery: Pediatrics";journal;"19330715, 19330707";0,976;Q2;48;258;767;5891;1316;607;2,09;22,83;United States;"American Association of Neurological Surgeons";"Medicine (miscellaneous) (Q1); Pediatrics, Perinatology and Child Health (Q1); Surgery (Q1); Neurology (clinical) (Q2)"
126;16102;"Human Psychopharmacology";journal;"08856222, 10991077";0,974;Q2;68;56;233;2879;636;227;2,99;51,41;United States;"John Wiley & Sons Inc.";"Neurology (Q2); Neurology (clinical) (Q2); Pharmacology (medical) (Q2); Psychiatry and Mental Health (Q2)"
127;14897;"Journal of Electromyography and Kinesiology";journal;"10506411";0,971;Q2;85;129;472;4794;1046;461;1,89;37,16;Netherlands;"Elsevier BV";"Biophysics (Q2); Neurology (clinical) (Q2); Neuroscience (miscellaneous) (Q2); Sports Science (Q2)"
128;19384;"Seminars in Neurology";journal;"10989021, 02718235";0,969;Q2;63;86;191;5961;423;159;2,46;69,31;United States;"Thieme Medical Publishers";"Neurology (Q2); Neurology (clinical) (Q2)"
129;18712;"Psychiatry and Clinical Neurosciences";journal;"14401819, 13231316";0,935;Q2;62;117;327;3634;591;237;2,33;31,06;United Kingdom;"Blackwell Publishing Inc.";"Medicine (miscellaneous) (Q1); Neurology (Q2); Neurology (clinical) (Q2); Psychiatry and Mental Health (Q2); Neuroscience (miscellaneous) (Q3)"
130;18500161700;"Pain Medicine";journal;"15264637, 15262375";0,933;Q2;81;320;810;9506;1725;619;2,37;29,71;United Kingdom;"Oxford University Press";"Anesthesiology and Pain Medicine (Q1); Medicine (miscellaneous) (Q1); Neurology (clinical) (Q2)"
131;17997;"Neurophysiologie Clinique";journal;"09877053";0,932;Q2;54;44;108;2436;268;100;2,20;55,36;Netherlands;"Elsevier Masson";"Medicine (miscellaneous) (Q1); Neurology (Q2); Neurology (clinical) (Q2); Physiology (medical) (Q2)"
132;21100213700;"Journal of Clinical Neurology";journal;"20055013, 17386586";0,903;Q2;31;67;153;1807;347;140;2,24;26,97;South Korea;"Korean Neurological Association";"Neurology (Q2); Neurology (clinical) (Q2)"
133;15013;"Current Treatment Options in Neurology";journal;"10928480, 15343138";0,892;Q2;34;56;162;3950;449;161;2,92;70,54;United States;"Current Science Inc.";"Neurology (clinical) (Q2)"
134;14386;"CNS Spectrums";journal;"10928529";0,882;Q2;69;54;177;3448;426;158;2,72;63,85;United Kingdom;"Cambridge University Press";"Neurology (clinical) (Q2); Psychiatry and Mental Health (Q2)"
135;19831;"Sleep and Breathing";journal;"15209512, 15221709";0,875;Q2;53;207;488;5959;1131;429;2,48;28,79;Germany;"Springer Verlag";"Neurology (clinical) (Q2); Otorhinolaryngology (Q2)"
136;5700155920;"Focus on Autism and Other Developmental Disabilities";journal;"15384829, 10883576";0,869;Q2;51;21;80;924;144;76;1,47;44,00;United States;"SAGE Publications Inc.";"Pediatrics, Perinatology and Child Health (Q1); Neurology (clinical) (Q2); Psychiatry and Mental Health (Q2); Cognitive Neuroscience (Q3); Neurology (Q3)"
137;14320;"Brain and Development";journal;"03877604";0,860;Q2;74;158;455;3331;788;416;1,93;21,08;Netherlands;"Elsevier BV";"Pediatrics, Perinatology and Child Health (Q1); Medicine (miscellaneous) (Q2); Neurology (clinical) (Q2); Developmental Neuroscience (Q3)"
138;22302;"Stereotactic and Functional Neurosurgery";journal;"10116125, 14230372";0,843;Q2;56;69;176;1936;330;156;1,97;28,06;Switzerland;"S. Karger AG";"Surgery (Q1); Neurology (clinical) (Q2)"
139;21100466753;"Operative Neurosurgery";journal;"23324260, 23324252";0,842;Q2;9;12;62;332;37;21;1,40;27,67;United States;"Oxford University Press";"Surgery (Q1); Neurology (clinical) (Q2)"
140;20412;"Acta Neurochirurgica";journal;"09420940, 00016268";0,840;Q2;81;357;1248;7470;1710;838;1,86;20,92;Germany;"Springer Verlag";"Surgery (Q1); Neurology (clinical) (Q2)"
141;21100820001;"Neurology: Neuroimmunology and NeuroInflammation";journal;"23327812";0,839;Q2;21;104;52;1891;102;30;3,40;18,18;United States;"Lippincott Williams and Wilkins";"Neurology (clinical) (Q2); Neurology (Q3)"
142;15741;"Pediatric Neurology";journal;"08878994";0,824;Q2;81;254;800;6229;1351;644;2,11;24,52;Netherlands;"Elsevier BV";"Neurology (clinical) (Q2); Pediatrics, Perinatology and Child Health (Q2); Developmental Neuroscience (Q3); Neurology (Q3)"
143;19386;"Seminars in Pediatric Neurology";journal;"10719091";0,820;Q2;51;38;132;2710;190;103;1,40;71,32;United Kingdom;"W. B. Saunders Co., Ltd.";"Neurology (clinical) (Q2); Pediatrics, Perinatology and Child Health (Q2)"
144;14340;"Brain Injury";journal;"02699052, 1362301";0,816;Q2;89;213;541;9581;1188;515;2,03;44,98;United Kingdom;"Taylor & Francis";"Developmental and Educational Psychology (Q2); Neurology (clinical) (Q2); Neuroscience (miscellaneous) (Q3)"
145;17700155012;"Handbook of Clinical Neurology";book series;"00729752";0,796;Q2;35;179;1017;20345;1917;964;2,21;113,66;United States;"Elsevier Science Inc.";"Medicine (miscellaneous) (Q2); Neurology (clinical) (Q2); Neurology (Q3)"
146;16747;"Journal of Neuroimaging";journal;"10512284";0,794;Q2;56;168;310;4446;576;297;1,63;26,46;United States;"Wiley-Blackwell";"Medicine (miscellaneous) (Q2); Neurology (clinical) (Q2); Radiology, Nuclear Medicine and Imaging (Q2)"
147;23884;"Journal of Stroke and Cerebrovascular Diseases";journal;"15328511, 10523057";0,793;Q2;46;498;1108;12913;2092;1077;1,94;25,93;United Kingdom;"W. B. Saunders Co., Ltd.";"Rehabilitation (Q1); Cardiology and Cardiovascular Medicine (Q2); Neurology (clinical) (Q2); Surgery (Q2)"
148;17940;"Neurological Research";journal;"01616412";0,793;Q2;70;158;445;4812;776;436;1,65;30,46;United Kingdom;"Maney Publishing";"Medicine (miscellaneous) (Q2); Neurology (clinical) (Q2); Neurology (Q3)"
149;19380;"Seizure : the journal of the British Epilepsy Association";journal;"10591311";0,791;Q2;74;237;544;7374;1252;496;2,54;31,11;United Kingdom;"W. B. Saunders Co., Ltd.";"Medicine (miscellaneous) (Q2); Neurology (clinical) (Q2); Neurology (Q3)"
150;17980;"Neuropathology";journal;"14401789, 09196544";0,788;Q2;52;71;254;2561;434;247;1,68;36,07;United Kingdom;"Blackwell Publishing Inc.";"Medicine (miscellaneous) (Q2); Neurology (clinical) (Q2); Pathology and Forensic Medicine (Q2)"
151;20602;"Clinical Neuropharmacology";journal;"03625664";0,788;Q2;72;57;169;1544;382;162;2,21;27,09;United States;"Lippincott Williams & Wilkins Ltd.";"Neurology (clinical) (Q2); Pharmacology (Q2); Pharmacology (medical) (Q2)"
152;21776;"Neurosurgery Clinics of North America";journal;"10423680";0,779;Q2;52;69;192;2728;444;175;2,25;39,54;United Kingdom;"W. B. Saunders Co., Ltd.";"Medicine (miscellaneous) (Q2); Neurology (clinical) (Q2); Surgery (Q2)"
153;21100228111;"Pain Research and Treatment";journal;"20901542, 20901550";0,769;Q2;19;22;125;1017;293;118;1,57;46,23;Egypt;"Hindawi Publishing Corporation";"Anesthesiology and Pain Medicine (Q2); Neurology (clinical) (Q2)"
154;14183;"Aphasiology";journal;"14645041, 02687038";0,754;Q2;57;78;240;3764;372;227;1,25;48,26;United Kingdom;"Taylor & Francis";"Language and Linguistics (Q1); Linguistics and Language (Q1); LPN and LVN (Q1); Developmental and Educational Psychology (Q2); Neurology (clinical) (Q2); Otorhinolaryngology (Q2); Neurology (Q3)"
155;17227;"Journal of Neuroradiology";journal;"01509861";0,753;Q2;35;55;165;1665;271;127;2,73;30,27;France;"Elsevier Masson";"Neurology (clinical) (Q2); Radiological and Ultrasound Technology (Q2); Radiology, Nuclear Medicine and Imaging (Q2)"
156;20100195034;"Journal of Neurogastroenterology and Motility";journal;"20930879, 20930887";0,752;Q2;28;90;268;3276;407;182;2,04;36,40;South Korea;"Korean Society of Neurogastroenterology and Motility";"Gastroenterology (Q2); Neurology (clinical) (Q2)"
157;14995;"Current Pain and Headache Reports";journal;"15343081, 15313433";0,741;Q2;51;63;246;3545;622;240;2,11;56,27;United States;"Current Science Inc.";"Anesthesiology and Pain Medicine (Q2); Medicine (miscellaneous) (Q2); Neurology (clinical) (Q2)"
158;17526;"Neurologic Clinics";journal;"07338619";0,731;Q2;70;61;186;4479;390;171;2,81;73,43;United Kingdom;"W. B. Saunders Co., Ltd.";"Neurology (clinical) (Q2)"
159;16674;"Journal of Child Neurology";journal;"08830738";0,725;Q2;93;314;835;8608;1307;793;1,51;27,41;United States;"SAGE Publications";"Neurology (clinical) (Q2); Pediatrics, Perinatology and Child Health (Q2)"
160;15664;"Functional Neurology";journal;"03935264, 19713274";0,724;Q2;36;37;118;1228;201;101;1,61;33,19;Italy;"CIC Edizioni Internazionali s.r.l.";"Medicine (miscellaneous) (Q2); Neurology (clinical) (Q2); Neuroscience (miscellaneous) (Q3)"
161;16815;"Journal of Spinal Cord Medicine";journal;"10790268";0,711;Q2;53;98;280;3413;444;238;1,70;34,83;United Kingdom;"Maney Publishing";"Neurology (clinical) (Q2)"
162;14287;"Behavioural Neurology";journal;"09534180";0,705;Q2;39;104;185;5603;333;180;1,84;53,88;Netherlands;"Hindawi Publishing Corporation";"Medicine (miscellaneous) (Q2); Neurology (clinical) (Q2); Neurology (Q3); Neuropsychology and Physiological Psychology (Q3)"
163;14255;"Autonomic Neuroscience: Basic and Clinical";journal;"15660702";0,698;Q2;73;91;334;5825;561;321;1,80;64,01;Netherlands;"Elsevier BV";"Neurology (clinical) (Q2); Endocrine and Autonomic Systems (Q3); Cellular and Molecular Neuroscience (Q4)"
164;15628;"Folia Neuropathologica";journal;"16414640";0,691;Q2;30;42;130;1753;223;128;1,51;41,74;Poland;"Termedia Publishing House Ltd.";"Neurology (clinical) (Q2); Pathology and Forensic Medicine (Q2)"
165;21100332455;"Journal of Huntington's disease";journal;"18796400, 18796397";0,691;Q2;14;33;110;1500;145;103;1,34;45,45;Netherlands;"IOS Press";"Neurology (clinical) (Q2); Cellular and Molecular Neuroscience (Q4)"
166;18019;"NeuroRehabilitation";journal;"10538135";0,689;Q2;53;106;458;4558;776;445;1,65;43,00;Netherlands;"IOS Press";"Rehabilitation (Q1); Neurology (clinical) (Q2); Physical Therapy, Sports Therapy and Rehabilitation (Q2)"
167;16683;"Journal of Clinical Neuroscience";journal;"09675868";0,679;Q2;66;475;1402;12601;2294;1320;1,66;26,53;United States;"Churchill Livingstone";"Medicine (miscellaneous) (Q2); Neurology (clinical) (Q2); Neurology (Q3); Physiology (medical) (Q3)"
168;15575;"European Neurology";journal;"00143022, 14219913";0,675;Q2;69;92;435;2323;625;356;1,62;25,25;Switzerland;"S. Karger AG";"Neurology (clinical) (Q2); Neurology (Q3)"
169;17942;"Neurological Sciences";journal;"15903478, 15901874";0,671;Q2;60;421;1166;8380;1604;914;1,90;19,90;Germany;"Springer Verlag";"Dermatology (Q2); Medicine (miscellaneous) (Q2); Neurology (clinical) (Q2); Psychiatry and Mental Health (Q2)"
170;29306;"Clinical Autonomic Research";journal;"09599851, 16191560";0,665;Q2;52;60;123;1678;206;110;1,59;27,97;Germany;"Dr. Dietrich Steinkopff Verlag";"Medicine (miscellaneous) (Q2); Neurology (clinical) (Q2); Endocrine and Autonomic Systems (Q3)"
171;31458;"Acupuncture in Medicine";journal;"09645284";0,661;Q2;39;101;304;1819;369;202;1,82;18,01;United Kingdom;"BMJ Publishing Group";"Complementary and Alternative Medicine (Q1); Medicine (miscellaneous) (Q2); Neurology (clinical) (Q2)"
172;15800154701;"PM and R";journal;"19341482";0,654;Q2;47;211;572;6748;901;467;1,64;31,98;United States;"Elsevier";"Medicine (miscellaneous) (Q2); Neurology (clinical) (Q2); Physical Therapy, Sports Therapy and Rehabilitation (Q2); Rehabilitation (Q2); Sports Science (Q2); Neurology (Q3)"
173;17478;"Topics in Spinal Cord Injury Rehabilitation";journal;"10820744";0,649;Q2;26;36;104;1202;140;104;1,16;33,39;United States;"Thomas Land Publishers Inc.";"Neurology (clinical) (Q2); Physical Therapy, Sports Therapy and Rehabilitation (Q2); Rehabilitation (Q2)"
174;19700171401;"World Neurosurgery";journal;"18788750";0,643;Q2;82;653;1771;15544;2232;1474;1,55;23,80;Netherlands;"Elsevier BV";"Neurology (clinical) (Q2); Surgery (Q2)"
175;21100468501;"Open Forum Infectious Diseases";journal;"23288957";0,642;Q2;15;146;108;3759;113;105;1,08;25,75;United States;"Oxford University Press";"Neurology (clinical) (Q2); Oncology (Q3)"
176;17306;"Neuroimaging Clinics of North America";journal;"10525149";0,640;Q2;50;53;173;2211;293;139;2,19;41,72;United Kingdom;"W. B. Saunders Co., Ltd.";"Medicine (miscellaneous) (Q2); Neurology (clinical) (Q2); Radiology, Nuclear Medicine and Imaging (Q2)"
177;145007;"Clinical EEG and Neuroscience";journal;"15500594";0,631;Q3;44;55;132;1849;279;123;1,45;33,62;United States;"SAGE Publications Inc.";"Medicine (miscellaneous) (Q2); Neurology (Q3); Neurology (clinical) (Q3)"
178;21100835138;"Journal of Neuromuscular Diseases";journal;"22143599, 22143602";0,630;Q3;9;57;20;2747;32;18;1,78;48,19;Netherlands;"IOS Press";"Neurology (Q3); Neurology (clinical) (Q3)"
179;18634;"Progress in Neurological Surgery";journal;"00796492";0,629;Q3;20;21;76;656;107;69;1,84;31,24;Switzerland;"S. Karger AG";"Medicine (miscellaneous) (Q2); Surgery (Q2); Neurology (clinical) (Q3)"
180;20000195097;"Multiple Sclerosis and Related Disorders";journal;"22110348";0,624;Q3;18;103;209;3270;255;175;1,38;31,75;United States;"Elsevier";"Medicine (miscellaneous) (Q2); Neurology (Q3); Neurology (clinical) (Q3)"
181;14484;"Journal of Neuro-Ophthalmology";journal;"10708022, 15365166";0,611;Q3;47;120;329;2607;425;234;1,80;21,73;United States;"Lippincott Williams & Wilkins Ltd.";"Medicine (miscellaneous) (Q2); Ophthalmology (Q2); Neurology (clinical) (Q3)"
182;23481;"Journal of Vestibular Research: Equilibrium and Orientation";journal;"09574271";0,610;Q3;46;21;101;808;180;94;1,14;38,48;Netherlands;"IOS Press";"Otorhinolaryngology (Q2); Neurology (clinical) (Q3); Neuroscience (miscellaneous) (Q3); Sensory Systems (Q3)"
183;14895;"Clinical Neurology and Neurosurgery";journal;"03038467";0,592;Q3;61;342;1314;8335;1845;1214;1,52;24,37;Netherlands;"Elsevier BV";"Medicine (miscellaneous) (Q2); Surgery (Q2); Neurology (clinical) (Q3)"
184;4700152268;"CONTINUUM Lifelong Learning in Neurology";journal;"10802371";0,583;Q3;23;117;282;3630;471;248;1,71;31,03;United States;"Lippincott Williams & Wilkins Ltd.";"Medicine (miscellaneous) (Q2); Genetics (clinical) (Q3); Neurology (clinical) (Q3)"
185;16675;"Journal of Clinical Neurophysiology";journal;"07360258";0,579;Q3;91;88;285;3440;416;243;1,61;39,09;United States;"Lippincott Williams & Wilkins Ltd.";"Medicine (miscellaneous) (Q2); Neurology (Q3); Neurology (clinical) (Q3); Physiology (Q3); Physiology (medical) (Q3)"
186;15599;"Neuropediatrics";journal;"14391899, 0174304";0,576;Q3;63;86;182;2281;252;163;1,52;26,52;Germany;"Georg Thieme Verlag";"Medicine (miscellaneous) (Q2); Pediatrics, Perinatology and Child Health (Q2); Neurology (clinical) (Q3)"
187;14874;"Child's Nervous System";journal;"14330350, 02567040";0,561;Q3;72;284;973;7431;1293;899;1,31;26,17;Germany;"Springer Verlag";"Medicine (miscellaneous) (Q2); Pediatrics, Perinatology and Child Health (Q2); Neurology (clinical) (Q3)"
188;14899;"Clinical Neuropathology";journal;"07225091";0,543;Q3;39;59;179;1155;206;123;1,66;19,58;Germany;"Dustri-Verlag Dr. Karl Feistle";"Medicine (miscellaneous) (Q2); Pathology and Forensic Medicine (Q2); Neurology (Q3); Neurology (clinical) (Q3)"
189;17541;"Acta Neurochirurgica, Supplement";journal;"00651419";0,535;Q3;62;48;291;1061;311;282;1,25;22,10;Germany;"Springer Verlag";"Surgery (Q2); Neurology (clinical) (Q3)"
190;20529;"British Journal of Neurosurgery";journal;"1360046, 02688697";0,529;Q3;57;196;628;3244;634;523;1,18;16,55;United Kingdom;"Taylor & Francis";"Medicine (miscellaneous) (Q2); Surgery (Q2); Neurology (clinical) (Q3)"
191;19700201171;"Surgical Neurology International";journal;"21527806";0,525;Q3;21;293;534;7955;635;434;1,35;27,15;India;"Medknow Publications and Media Pvt. Ltd";"Surgery (Q2); Neurology (clinical) (Q3)"
192;21100829261;"Clinical Neuroradiology";journal;"18691439, 18691447";0,523;Q3;17;110;183;2307;173;116;1,24;20,97;Germany;"Springer Verlag";"Radiology, Nuclear Medicine and Imaging (Q2); Neurology (clinical) (Q3)"
193;19600166011;"Neuropsychiatry";journal;"17582008, 17582016";0,514;Q3;14;0;134;0;168;122;1,88;0,00;United Kingdom;"Future Medicine Ltd.";"Psychiatry and Mental Health (Q2); Neurology (clinical) (Q3)"
194;5900153302;"Future Neurology";journal;"14796708, 17486971";0,510;Q3;27;59;222;3445;206;181;1,19;58,39;United Kingdom;"Future Medicine Ltd.";"Neurology (Q3); Neurology (clinical) (Q3)"
195;21100199819;"Epilepsy Currents";journal;"15357597, 15357511";0,510;Q3;16;82;280;901;181;103;1,55;10,99;United States;"American Epilepsy Society";"Neurology (clinical) (Q3)"
196;21100236604;"Neurology: Clinical Practice";journal;"21630402, 21630933";0,505;Q3;13;122;318;1379;183;202;0,93;11,30;United States;"Lippincott Williams and Wilkins";"Neurology (clinical) (Q3)"
197;19800188004;"Basal Ganglia";journal;"22105336";0,504;Q3;12;14;102;694;92;89;1,22;49,57;Italy;"Elsevier Masson";"Neurology (Q3); Neurology (clinical) (Q3)"
198;19700175048;"Open Neurology Journal";journal;"1874205";0,504;Q3;11;13;35;427;73;33;1,23;32,85;United Arab Emirates;"Bentham Science Publishers";"Psychiatry and Mental Health (Q2); Neurology (Q3); Neurology (clinical) (Q3)"
199;21707;"Journal of Neurosurgical Sciences";journal;"03905616";0,500;Q3;33;43;133;2597;183;127;1,36;60,40;Italy;"Edizioni Minerva Medica";"Surgery (Q2); Neurology (clinical) (Q3)"
200;21100369818;"Neurodegenerative disease management";journal;"17582032, 17582024";0,490;Q3;12;76;44;200;59;38;1,55;2,63;United Kingdom;"Future Medicine Ltd.";"Neurology (clinical) (Q3)"
201;17947;"Neurologist";journal;"10747931";0,488;Q3;53;63;106;1444;151;104;1,63;22,92;United States;"Lippincott Williams & Wilkins Ltd.";"Medicine (miscellaneous) (Q2); Neurology (clinical) (Q3)"
202;21100242270;"Journal of Neurological Surgery, Part B: Skull Base";journal;"2193634, 21936331";0,485;Q3;33;92;192;2145;222;186;1,09;23,32;United States;"Thieme medical Publishers";"Neurology (clinical) (Q3)"
203;14836;"Canadian Journal of Neurological Sciences";journal;"03171671";0,479;Q3;59;140;585;3287;542;424;1,01;23,48;United Kingdom;"Cambridge University Press";"Medicine (miscellaneous) (Q2); Neurology (Q3); Neurology (clinical) (Q3)"
204;15518;"Epileptic Disorders";journal;"12949361";0,474;Q3;47;66;229;1801;277;133;1,93;27,29;United States;"Wiley-Blackwell";"Medicine (miscellaneous) (Q2); Neurology (Q3); Neurology (clinical) (Q3)"
205;28755;"Brain Tumor Pathology";journal;"14337398";0,474;Q3;32;34;140;1096;181;128;1,18;32,24;Germany;"Springer Verlag";"Medicine (miscellaneous) (Q2); Cancer Research (Q3); Neurology (clinical) (Q3); Oncology (Q3)"
206;19307;"Revue Neurologique";journal;"00353787";0,469;Q3;39;134;498;5474;377;356;1,14;40,85;France;"Elsevier Masson";"Neurology (Q3); Neurology (clinical) (Q3)"
207;19700175144;"Neurology International";journal;"20358377, 20358385";0,462;Q3;10;19;65;502;69;65;0,90;26,42;Italy;"PagePress";"Neurology (clinical) (Q3)"
208;17468;"Neurocase";journal;"13554794, 14653656";0,459;Q3;58;98;195;3914;236;195;1,17;39,94;United Kingdom;"Taylor & Francis";"Arts and Humanities (miscellaneous) (Q2); Neurology (clinical) (Q3)"
209;17969;"Neurology India";journal;"00283886, 19984022";0,458;Q3;40;281;746;4085;449;262;1,61;14,54;India;"Medknow Publications";"Neurology (Q3); Neurology (clinical) (Q3)"
210;6400153146;"Head and Face Medicine";journal;"1746160";0,455;Q3;29;39;150;1314;167;145;1,09;33,69;United Kingdom;"BioMed Central";"Dentistry (miscellaneous) (Q2); Medicine (miscellaneous) (Q2); Neurology (clinical) (Q3); Otorhinolaryngology (Q3)"
211;18619;"Practical Neurology";journal;"14747758, 14747766";0,438;Q3;34;120;311;1666;237;190;1,39;13,88;United Kingdom;"BMJ Publishing Group";"Medicine (miscellaneous) (Q2); Neurology (clinical) (Q3)"
212;17546;"Acta Neurologica Belgica";journal;"03009009";0,434;Q3;30;192;295;2792;242;200;1,15;14,54;Belgium;"Springer-Verlag Italia";"Medicine (miscellaneous) (Q3); Neurology (clinical) (Q3)"
213;21100241775;"Epileptology";journal;"22128220";0,432;Q3;4;0;14;0;14;13;1,08;0,00;Germany;"Elsevier GmbH";"Neurology (clinical) (Q3)"
214;16868;"Motor Control";journal;"15432696, 10871640";0,431;Q3;40;28;89;998;115;87;1,24;35,64;United States;"Human Kinetics Publishers, Inc.";"Physical Therapy, Sports Therapy and Rehabilitation (Q2); Neurology (clinical) (Q3); Physiology (medical) (Q3); Sports Science (Q3)"
215;17193;"Interventional Neuroradiology";journal;"11239344";0,420;Q3;29;126;250;2394;233;237;0,71;19,00;Italy;"Centauro SRL";"Cardiology and Cardiovascular Medicine (Q3); Neurology (clinical) (Q3); Radiology, Nuclear Medicine and Imaging (Q3)"
216;16819;"Journal of the History of the Neurosciences";journal;"0964704";0,419;Q3;22;30;105;1104;62;84;0,77;36,80;United Kingdom;"Taylor & Francis";"History and Philosophy of Science (Q2); Neurology (clinical) (Q3); Neuroscience (miscellaneous) (Q3)"
217;17525;"Neurologia Medico-Chirurgica";journal;"13498029, 04708105";0,418;Q3;43;107;492;3503;513;480;0,81;32,74;Japan;"Japan Neurosurgical Society/Nihon No Shinkei Geka Gakkai";"Neurology (clinical) (Q3); Surgery (Q3)"
218;21100199786;"International Neurourology Journal";journal;"20934777";0,413;Q3;17;43;114;1170;161;99;1,69;27,21;South Korea;"Korean Association of Medical Journal Edirors";"Urology (Q2); Neurology (Q3); Neurology (clinical) (Q3)"
219;19900191908;"Innovations in Clinical Neuroscience";journal;"21588333, 21588341";0,406;Q3;22;42;168;1015;174;126;1,05;24,17;United States;"Matrix Medical Communications";"Neurology (clinical) (Q3); Psychiatry and Mental Health (Q3)"
220;12100154808;"Journal of Korean Neurosurgical Society";journal;"12258245";0,400;Q3;26;202;572;4927;540;562;0,74;24,39;South Korea;"Daehan sin'gyeong oe'gwa haghoe";"Neurology (clinical) (Q3); Neuroscience (miscellaneous) (Q3); Surgery (Q3)"
221;14224;"Arquivos de Neuro-Psiquiatria";journal;"0004282";0,391;Q3;42;224;749;4675;627;530;1,13;20,87;Brazil;"Associacao Arquivos de Neuro-Psiquiatria Dr. Oswaldo Lange";"Biological Psychiatry (Q3); Neurology (clinical) (Q3)"
222;17492;"Neuroendocrinology Letters";journal;"0172780";0,391;Q3;57;131;481;4088;533;465;1,16;31,21;Sweden;"Maghira and Maas Publications";"Endocrine and Autonomic Systems (Q3); Endocrinology, Diabetes and Metabolism (Q3); Medicine (miscellaneous) (Q3); Neurology (Q3); Neurology (clinical) (Q3); Psychiatry and Mental Health (Q3); Endocrinology (Q4)"
223;21100216323;"Journal of Neurological Surgery. Part A: Central European Neurosurgery";journal;"21936315, 21936323";0,389;Q3;27;112;297;3058;247;286;0,82;27,30;Germany;"Thieme";"Medicine (miscellaneous) (Q3); Neurology (clinical) (Q3); Surgery (Q3)"
224;21100217607;"International Journal of MS Care";journal;"15372073";0,386;Q3;12;43;145;1165;120;113;1,11;27,09;United States;"Consortium of Multiple Sclerosis Centers (CMSC)";"Advanced and Specialized Nursing (Q1); Neurology (clinical) (Q3)"
225;17520;"Neurologia";journal;"02134853, 15781968";0,384;Q3;29;121;308;2809;296;189;1,80;23,21;Spain;"Ediciones Doyma S.A.";"Medicine (miscellaneous) (Q3); Neurology (clinical) (Q3)"
226;15873;"Journal of Clinical Neuromuscular Disease";journal;"15220443";0,380;Q3;21;37;118;670;102;101;0,75;18,11;United States;"Lippincott Williams & Wilkins Ltd.";"Medicine (miscellaneous) (Q3); Neurology (Q3); Neurology (clinical) (Q3)"
227;28222;"Journal of Neuroscience Nursing";journal;"08880395";0,375;Q3;37;62;180;1717;151;155;0,85;27,69;United States;"Lippincott Williams & Wilkins Ltd.";"Medical and Surgical Nursing (Q1); Endocrine and Autonomic Systems (Q3); Neurology (clinical) (Q3); Surgery (Q3)"
228;19500157041;"Scandinavian Journal of Pain";journal;"18778860";0,368;Q3;15;58;171;1321;115;81;1,44;22,78;Netherlands;"Elsevier BV";"Anesthesiology and Pain Medicine (Q2); Neurology (clinical) (Q3)"
229;17524;"Neurologia i Neurochirurgia Polska";journal;"00283843";0,357;Q3;21;91;238;2275;203;232;0,90;25,00;Poland;"Polish Neurological Society";"Neurology (clinical) (Q3); Surgery (Q3)"
230;18576;"Pediatric Neurosurgery";journal;"10162291, 14230305";0,349;Q3;67;70;209;1375;146;190;0,53;19,64;Switzerland;"S. Karger AG";"Medicine (miscellaneous) (Q3); Neurology (clinical) (Q3); Pediatrics, Perinatology and Child Health (Q3); Surgery (Q3)"
231;26169;"Journal of Orofacial Pain";journal;"10646655";0,333;Q3;59;0;1;0;6;1;0,00;0,00;United States;"Quintessence Publishing Company";"Anesthesiology and Pain Medicine (Q2); Dentistry (miscellaneous) (Q3); Neurology (clinical) (Q3)"
232;62420;"Turkish Neurosurgery";journal;"10195149";0,321;Q3;20;179;518;3778;400;487;0,66;21,11;Turkey;"Turkish Neurosurgical Society";"Neurology (clinical) (Q3); Surgery (Q3)"
233;18844;"Schmerz";journal;"14322129, 0932433";0,321;Q3;36;92;225;2743;215;188;0,83;29,82;Germany;"Springer Verlag";"Anesthesiology and Pain Medicine (Q3); Medicine (miscellaneous) (Q3); Neurology (clinical) (Q3)"
234;4700152407;"Annals of Indian Academy of Neurology";journal;"09722327";0,310;Q3;19;149;466;2782;364;370;0,93;18,67;India;"Medknow Publications";"Neurology (clinical) (Q3)"
235;19400156832;"Brain Impairment";journal;"14439646";0,306;Q3;16;29;63;989;50;61;0,79;34,10;United Kingdom;"Cambridge University Press";"Neurology (Q3); Neurology (clinical) (Q3); Neuropsychology and Physiological Psychology (Q3); Speech and Hearing (Q3); Behavioral Neuroscience (Q4); Cognitive Neuroscience (Q4)"
236;19700201172;"Journal of Neurosciences in Rural Practice";journal;"09763155, 09763147";0,305;Q3;16;179;564;2837;258;270;0,83;15,85;India;"Medknow Publications and Media Pvt. Ltd";"Neurology (clinical) (Q3); Neuroscience (miscellaneous) (Q4)"
237;18057;"Neurosciences";journal;"13196138";0,300;Q3;14;74;149;1457;101;114;0,76;19,69;Saudi Arabia;"Saudi Arabian Armed Forces Hospital";"Neurology (clinical) (Q3); Psychiatry and Mental Health (Q3)"
238;19700188334;"Clinical and Experimental Neuroimmunology";journal;"17591961";0,289;Q3;11;90;143;3036;64;113;0,48;33,73;United Kingdom;"John Wiley and Sons Ltd";"Neurology (clinical) (Q3); Immunology (Q4); Immunology and Microbiology (miscellaneous)  (Q4); Neuroscience (miscellaneous) (Q4)"
239;5400152651;"Frontiers of neurology and neuroscience";journal;"16604431";0,287;Q3;22;26;176;1259;110;167;0,85;48,42;Switzerland;"Karger";"Medicine (miscellaneous) (Q3); Neurology (clinical) (Q3); Neuroscience (miscellaneous) (Q4)"
240;19700174685;"Journal of Experimental Stroke and Translational Medicine";journal;"1939067";0,286;Q3;7;2;6;62;5;6;0,50;31,00;United States;"Society for Experimental Stroke";"Neurology (Q3); Neurology (clinical) (Q3); Cognitive Neuroscience (Q4); Neuroscience (miscellaneous) (Q4)"
241;9500153993;"Neuroradiology Journal";journal;"19714009, 23851996";0,283;Q3;16;103;292;2255;195;279;0,81;21,89;Italy;"SAGE Publications Inc.";"Medicine (miscellaneous) (Q3); Neurology (clinical) (Q3); Radiology, Nuclear Medicine and Imaging (Q3)"
242;17551;"Acta Neurologica Taiwanica";journal;"1028768";0,282;Q3;20;30;105;429;67;92;0,52;14,30;Taiwan;"Taiwan Neurological Society";"Medicine (miscellaneous) (Q3); Neurology (Q3); Neurology (clinical) (Q3)"
243;17438;"Der Nervenarzt";journal;"14330407, 00282804";0,275;Q3;40;174;560;4944;376;488;0,84;28,41;Germany;"Springer Verlag";"Medicine (miscellaneous) (Q3); Neurology (clinical) (Q3); Psychiatry and Mental Health (Q3); Neurology (Q4)"
244;21772;"Neurochirurgie";journal;"00283770";0,270;Q3;26;95;178;2521;94;166;0,64;26,54;France;"Elsevier Masson";"Neurology (clinical) (Q3); Surgery (Q3)"
245;21100199849;"Basic and Clinical Neuroscience";journal;"2008126";0,267;Q3;9;35;123;1113;63;108;0,68;31,80;Iran;"Teheran University of Medical Sciences";"Neurology (clinical) (Q3); Cellular and Molecular Neuroscience (Q4)"
246;19700201207;"Journal of Craniovertebral Junction and Spine";journal;"09748237, 09769285";0,264;Q3;14;55;85;1097;87;75;1,19;19,95;India;"Medknow Publications and Media Pvt. Ltd";"Neurology (clinical) (Q3); Surgery (Q3)"
247;19700180720;"Handbook of Clinical Neurophysiology";book series;"15674231";0,263;Q3;10;0;25;0;14;23;0,61;0,00;Netherlands;"Elsevier BV";"Neurology (clinical) (Q3); Neuroscience (miscellaneous) (Q4)"
248;145096;"Neuropsychopharmacologia Hungarica : a Magyar Pszichofarmakologiai Egyesulet lapja = official journal of the Hungarian Association of Psychopharmacology";journal;"14198711";0,261;Q3;13;25;84;891;60;72;0,62;35,64;Hungary;"Neuroline";"Pharmacology, Toxicology and Pharmaceutics (miscellaneous) (Q2); Neurology (clinical) (Q3); Neuropsychology and Physiological Psychology (Q3); Neuroscience (miscellaneous) (Q4)"
249;21100211367;"Advances in Alzheimer's Disease";book series;"22105727, 22105735";0,258;Q3;9;31;45;2167;20;44;0,00;69,90;Netherlands;"IOS Press";"Neurology (clinical) (Q3)"
250;19269;"Revista de Neurologia";journal;"02100010";0,253;Q3;36;242;816;6640;454;595;0,78;27,44;Spain;"Viguera Editores";"Medicine (miscellaneous) (Q3); Neurology (clinical) (Q3)"
251;21100787785;"Journal of Neurodegenerative Diseases";journal;"20908601, 2090858";0,252;Q3;1;0;3;0;2;2;1,00;0,00;United States;"Hindawi Publishing Corporation";"Neurology (clinical) (Q3); Neurology (Q4)"
252;17500155127;"Sleep Medicine Clinics";journal;"1556407";0,251;Q3;26;68;170;3627;94;154;0,75;53,34;Netherlands;"Elsevier BV";"Clinical Psychology (Q3); Medicine (miscellaneous) (Q3); Neurology (clinical) (Q3); Psychiatry and Mental Health (Q3); Neuropsychology and Physiological Psychology (Q4)"
253;21100237605;"Epilepsy and Behavior Case Reports";journal;"22133232";0,249;Q3;9;49;95;641;48;94;0,51;13,08;Netherlands;"Elsevier BV";"Neurology (clinical) (Q3); Behavioral Neuroscience (Q4); Neurology (Q4)"
254;17488;"Neurocirugia";journal;"11301473";0,241;Q3;18;49;138;1151;56;116;0,44;23,49;Spain;"Sociedad Espanola de Neurocirugia";"Neurology (clinical) (Q3); Surgery (Q3)"
255;21100345623;"Global Spine Journal";journal;"21925682, 21925690";0,236;Q3;9;103;28;2084;16;26;0,62;20,23;United States;"SAGE Publications Inc.";"Neurology (clinical) (Q3); Orthopedics and Sports Medicine (Q3); Surgery (Q3)"
256;15633;"Fortschritte der Neurologie Psychiatrie";journal;"07204299, 14393522";0,227;Q3;29;93;259;3561;149;210;0,82;38,29;Germany;"Georg Thieme Verlag";"Medicine (miscellaneous) (Q3); Neurology (clinical) (Q3); Psychiatry and Mental Health (Q3); Neurology (Q4)"
257;19700183107;"Case Reports in Neurology";journal;"1662680";0,225;Q3;10;43;141;536;93;141;0,66;12,47;Switzerland;"S. Karger AG";"Neurology (clinical) (Q3)"
258;19700172802;"Dementia e Neuropsychologia";journal;"19805764";0,220;Q3;13;61;171;2470;73;157;0,45;40,49;Brazil;"Associacao Neurologia Cognitiva e do Comportamento";"Geriatrics and Gerontology (Q3); Neurology (clinical) (Q3); Cognitive Neuroscience (Q4); Neurology (Q4); Sensory Systems (Q4)"
259;5800179587;"Journal of Brachial Plexus and Peripheral Nerve Injury";journal;"17497221";0,203;Q3;17;12;24;260;20;22;1,07;21,67;United Kingdom;"BioMed Central";"Neurology (clinical) (Q3); Neurology (Q4)"
260;19800188011;"Geriatrie et Psychologie Neuropsychiatrie du Vieillissement";journal;"21157863, 21158789";0,200;Q3;8;65;173;2033;80;146;0,62;31,28;France;"John Libbey Eurotext";"Biological Psychiatry (Q3); Medicine (miscellaneous) (Q3); Neurology (clinical) (Q3); Geriatrics and Gerontology (Q4); Neuropsychology and Physiological Psychology (Q4)"
261;19700174955;"Revista Neurociencias";journal;"19844905, 01043579";0,196;Q3;7;86;275;2047;56;239;0,18;23,80;Brazil;"Universidade Federal de Sao Paulo";"Neurology (clinical) (Q3); Neurology (Q4)"
262;28657;"Bolest";journal;"12120634, 12126861";0,193;Q3;5;23;82;391;10;67;0,24;17,00;Czech Republic;"TIGIS Spol. s.r.o.";"Anesthesiology and Pain Medicine (Q3); Neurology (clinical) (Q3)"
263;12446;"Deutsche Zeitschrift fr Akupunktur";journal;"04156412, 14394359";0,192;Q3;10;66;204;489;12;121;0,12;7,41;Netherlands;"Elsevier BV";"Complementary and Alternative Medicine (Q3); Neurology (clinical) (Q3)"
264;17403;"Motricite Cerebrale Readaptation Neurologie du Developpement";journal;"02455919";0,187;Q3;5;25;57;328;5;54;0,09;13,12;France;"Elsevier Masson";"Neurology (clinical) (Q3); Rehabilitation (Q3)"
265;19700174989;"Iranian Journal of Child Neurology";journal;"17354668, 20080700";0,184;Q4;8;41;149;991;53;145;0,43;24,17;Iran;"The Iranian Child Neurology Society";"Pediatrics, Perinatology and Child Health (Q3); Neurology (Q4); Neurology (clinical) (Q4)"
266;21100202751;"The Neurodiagnostic journal";journal;"21646821";0,183;Q4;15;26;84;363;36;74;0,47;13,96;United Kingdom;"Taylor & Francis";"Medical Laboratory Technology (Q3); Neurology (clinical) (Q4)"
267;40483;"Ideggyogyaszati Szemle";journal;"00191442";0,182;Q4;12;57;215;1547;75;181;0,44;27,14;Hungary;"Kiadja Es Terjeszti A Literatura Medica";"Neurology (Q4); Neurology (clinical) (Q4)"
268;17970;"Neurology Psychiatry and Brain Research";journal;"09419500";0,181;Q4;14;21;69;1137;27;67;0,55;54,14;Germany;"Elsevier GmbH";"Neurology (clinical) (Q4); Neuroscience (miscellaneous) (Q4); Psychiatry and Mental Health (Q4)"
269;5400152655;"Brain and nerve = Shinkei kenkyu no shinpo";journal;"18816096";0,178;Q4;10;143;444;4193;133;441;0,33;29,32;Japan;"Igaku Shoin Ltd.";"Medicine (miscellaneous) (Q3); Neurology (clinical) (Q4)"
270;21100466855;"Neurology and Therapy";journal;"21936536, 21938253";0,175;Q4;8;14;23;425;11;23;0,39;30,36;United States;"Springer Healthcare";"Neurology (Q4); Neurology (clinical) (Q4)"
271;17700155406;"Epilepsy and Seizure";journal;"18825567";0,169;Q4;1;0;8;0;2;8;0,33;0,00;Japan;"Nihon Tenkan Gakkai/Japan Epilepsy Society";"Neurology (clinical) (Q4)"
272;19700188600;"Activitas Nervosa Superior";journal;"18029698";0,166;Q4;6;12;42;591;21;42;0,45;49,25;Czech Republic;"Springer International Publishing AG";"Behavioral Neuroscience (Q4); Biological Psychiatry (Q4); Cognitive Neuroscience (Q4); Neurology (Q4); Neurology (clinical) (Q4); Psychiatry and Mental Health (Q4)"
273;19200156707;"Neurology Asia";journal;"18236138";0,165;Q4;11;70;215;1509;59;206;0,26;21,56;Malaysia;"ASEAN Neurological Association";"Neurology (Q4); Neurology (clinical) (Q4)"
274;19264;"Revista Chilena de Neuro-Psiquiatria";journal;"00347388";0,160;Q4;11;35;98;978;17;80;0,20;27,94;Chile;"Sociedad Chilena de Neurologia psiquiatria y Neurocirugia";"Neurology (clinical) (Q4); Psychiatry and Mental Health (Q4); Surgery (Q4)"
275;15400154700;"Progress in Neurology and Psychiatry";journal;"13677543";0,158;Q4;7;44;102;716;29;73;0,39;16,27;United States;"John Wiley & Sons Inc.";"Psychiatric Mental Health (Q3); Neurology (Q4); Neurology (clinical) (Q4); Psychiatry and Mental Health (Q4)"
276;19700201503;"Dusunen Adam";journal;"13095749, 10188681";0,155;Q4;6;54;182;1743;46;151;0,31;32,28;Turkey;"Bakirkoy Research and Training Hospital for Psychiatry, Neurology and Neurosurgery";"Neurology (clinical) (Q4); Psychiatry and Mental Health (Q4)"
277;21100797005;"Journal of Pediatric Epilepsy";journal;"2146457, 21464588";0,154;Q4;4;1;66;130;11;64;0,14;130,00;United States;"Thieme Medical Publishers";"Pediatrics, Perinatology and Child Health (Q3); Neurology (clinical) (Q4)"
278;18099;"No To Hattatsu";journal;"00290831";0,149;Q4;11;74;238;541;26;214;0,12;7,31;Japan;"Japanese Society of Child Neurology";"Pediatrics, Perinatology and Child Health (Q3); Medicine (miscellaneous) (Q4); Neurology (clinical) (Q4)"
279;19313;"Clinical Neurology";journal;"0009918";0,148;Q4;18;145;867;1453;149;847;0,18;10,02;Japan;"Japanese Society of Neurology/Nihon Shinkei Gakkai";"Neurology (clinical) (Q4)"
280;19700174949;"Postepy Psychiatrii i Neurologii";journal;"12302813";0,144;Q4;5;39;125;959;13;92;0,15;24,59;Poland;"Instytut Psychiatrii I Neurologii";"Clinical Psychology (Q4); Neurology (Q4); Neurology (clinical) (Q4); Psychiatry and Mental Health (Q4)"
281;17700156702;"Journal of Neurological Sciences";journal;"13021664, 13001817";0,143;Q4;6;94;364;2278;66;353;0,15;24,23;Turkey;"Ege University Press";"Neurology (Q4); Neurology (clinical) (Q4)"
282;17946;"Neurologie und Rehabilitation";journal;"09472177";0,141;Q4;12;46;162;1299;20;146;0,15;28,24;Germany;"Kagerer Kommunikation";"Neurology (clinical) (Q4); Rehabilitation (Q4)"
283;17459;"Neuro-Ophthalmology";journal;"01658107";0,140;Q4;20;53;158;847;34;150;0,29;15,98;United Kingdom;"Taylor & Francis";"Neurology (clinical) (Q4); Ophthalmology (Q4)"
284;21775;"Neurological Surgery";journal;"03012603";0,139;Q4;19;130;380;2160;62;342;0,15;16,62;Japan;"Igaku-Shoin Ltd.";"Medicine (miscellaneous) (Q4); Neurology (clinical) (Q4); Surgery (Q4)"
285;38536;"Turk Serebrovaskuler Hastaliklar Dergisi";journal;"13011375";0,136;Q4;3;40;70;689;9;67;0,08;17,23;Turkey;"Turkish Society of Cerebrovascular Diseases";"Cardiology and Cardiovascular Medicine (Q4); Neurology (clinical) (Q4)"
286;21100199118;"European Neurological Review";journal;"17583837";0,135;Q4;7;31;108;1750;28;98;0,38;56,45;United Kingdom;"Touch Briefings";"Neurology (Q4); Neurology (clinical) (Q4)"
287;14861;"Ceska a Slovenska Neurologie a Neurochirurgie";journal;"18024041, 12107859";0,135;Q4;11;114;370;3444;80;348;0,23;30,21;Czech Republic;"Nakladatelske Stredisko CLSJE Purkyne";"Neurology (clinical) (Q4); Surgery (Q4)"
288;12578;"Douleurs";journal;"16245687";0,132;Q4;8;42;176;1152;13;95;0,12;27,43;France;"Elsevier Masson";"Anesthesiology and Pain Medicine (Q4); Neurology (clinical) (Q4)"
289;4000148906;"NPG Neurologie - Psychiatrie - Geriatrie";journal;"16274830";0,128;Q4;7;58;162;1324;22;152;0,12;22,83;France;"Elsevier Masson";"Geriatrics and Gerontology (Q4); Neurology (clinical) (Q4); Psychiatry and Mental Health (Q4)"
290;21100348543;"Journal of Neurological Surgery Reports";journal;"21936366, 21936358";0,127;Q4;4;1;16;12;4;15;0,27;12,00;United States;"Thieme Medical Publishers";"Neurology (clinical) (Q4); Surgery (Q4)"
291;15624;"Focus on Parkinson's Disease";journal;"09242015";0,125;Q4;2;0;17;0;2;14;0,18;0,00;Netherlands;"PMSI Bugamor BV";"Neurology (Q4); Neurology (clinical) (Q4)"
292;19336;"Zhurnal Voprosy Neirokhirurgii Imeni N.N. Burdenko";journal;"00428817";0,125;Q4;7;75;163;0;22;162;0,16;0,00;Russian Federation;"Media Sphera Publishing Group";"Medicine (miscellaneous) (Q4); Neurology (clinical) (Q4)"
293;11500153302;"Coluna/ Columna";journal;"18081851";0,124;Q4;7;60;200;1443;22;196;0,09;24,05;Brazil;"Bevilaqua Publisher";"Neurology (clinical) (Q4); Orthopedics and Sports Medicine (Q4); Surgery (Q4)"
294;23426;"Equilibrium Research";journal;"03855716";0,124;Q4;11;47;129;616;10;127;0,07;13,11;Japan;"Nihon Heiko Shinkeika Gakkai/Japan Society for Equilibrium Research";"Neurology (clinical) (Q4); Otorhinolaryngology (Q4)"
295;21777;"Neurosurgery Quarterly";journal;"10506438, 15344916";0,124;Q4;16;132;211;2262;18;205;0,08;17,14;United States;"Lippincott Williams & Wilkins Ltd.";"Neurology (clinical) (Q4); Surgery (Q4)"
296;21100784273;"Journal of Intellectual Disability - Diagnosis and Treatment";journal;"22922598";0,124;Q4;3;23;34;789;6;34;0,18;34,30;Canada;"Lifescience Global";"Applied Psychology (Q4); Developmental and Educational Psychology (Q4); Health (social science) (Q4); Neurology (Q4); Neurology (clinical) (Q4); Psychiatry and Mental Health (Q4)"
297;19700175012;"Internet Journal of Neurology";journal;"1531295";0,123;Q4;3;0;1;0;0;1;0,00;0,00;United States;"Internet Scientific Publications";"Neurology (clinical) (Q4)"
298;21100837200;"Schizophrenia Research and Treatment";journal;"20902093, 20902085";0,123;Q4;4;1;1;104;0;1;0,00;104,00;Egypt;"Hindawi Limited";"Neurology (clinical) (Q4); Psychiatry and Mental Health (Q4)"
299;21100440512;"International Journal of Nutrition, Pharmacology, Neurological Diseases";journal;"22310738, 22312722";0,123;Q4;3;33;1;904;0;1;0,00;27,39;India;"Medknow Publications and Media Pvt. Ltd";"Neurology (clinical) (Q4); Nutrition and Dietetics (Q4); Pharmacology (medical) (Q4)"
300;21100853502;"US Neurology";journal;"17584000, 17584019";0,123;Q4;3;11;1;504;0;1;0,00;45,82;United Kingdom;"Touch Briefings";"Neurology (clinical) (Q4); Neuroscience (miscellaneous) (Q4)"
301;4000151712;"Chinese Journal of Contemporary Neurology and Neurosurgery";journal;"16726731";0,123;Q4;7;213;603;4125;99;579;0,17;19,37;China;"Tianjin Huanhu Hospital";"Neurology (Q4); Neurology (clinical) (Q4)"
302;17439;"Nervenheilkunde";journal;"07221541";0,122;Q4;16;116;355;3202;42;311;0,14;27,60;Germany;"Schattauer GmbH";"Family Practice (Q4); Neurology (clinical) (Q4)"
303;5000158601;"Journal of Pediatric Neurology";journal;"13042580";0,122;Q4;14;45;143;1430;19;135;0,11;31,78;Germany;"Georg Thieme Verlag";"Neurology (clinical) (Q4); Pediatrics, Perinatology and Child Health (Q4)"
304;110337;"Zhurnal Nevrologii i Psikhiatrii imeni S.S. Korsakova";journal;"19977298";0,122;Q4;12;311;1071;6970;113;1032;0,10;22,41;Russian Federation;"Media Sphera";"Neurology (clinical) (Q4); Psychiatry and Mental Health (Q4)"
305;21100784000;"Journal of Pediatric Neuroradiology";journal;"13096680, 13096745";0,121;Q4;4;0;76;0;8;75;0,08;0,00;United States;"Thieme Medical Publishers";"Neurology (clinical) (Q4); Pediatrics, Perinatology and Child Health (Q4); Radiology, Nuclear Medicine and Imaging (Q4)"
306;130133;"Aktuelle Neurologie, Supplement";journal;"14372754";0,119;Q4;10;97;229;2732;43;173;0,26;28,16;Germany;"Georg Thieme Verlag";"Neurology (clinical) (Q4)"
307;17500155106;"Egyptian Journal of Neurology, Psychiatry and Neurosurgery";journal;"11101083, 16878329";0,119;Q4;5;44;197;998;12;197;0,08;22,68;Germany;"Medknow Publications";"Neurology (clinical) (Q4); Neuroscience (miscellaneous) (Q4); Psychiatric Mental Health (Q4); Psychiatry and Mental Health (Q4); Surgery (Q4)"
308;19356;"Schweizer Archiv fr Neurologie und Psychiatrie";journal;"02587661";0,119;Q4;11;51;162;1252;19;124;0,13;24,55;Switzerland;"Schwabe and Co. AG";"Neurology (clinical) (Q4); Psychiatry and Mental Health (Q4)"
309;19400157220;"ArgoSpine News and Journal";journal;"19577737, 19577729";0,118;Q4;4;0;27;0;3;21;0,00;0,00;Germany;"Springer Verlag";"Anatomy (Q4); Biomedical Engineering (Q4); Neurology (clinical) (Q4); Orthopedics and Sports Medicine (Q4); Radiology, Nuclear Medicine and Imaging (Q4); Surgery (Q4)"
310;17606;"African Journal of Neurological Sciences";journal;"10158618, 19922647";0,118;Q4;10;29;55;633;8;55;0,14;21,83;Egypt;"Pan African Association of Neurological Sciences";"Neurology (Q4); Neurology (clinical) (Q4)"
311;19700201612;"Open Neurosurgery Journal";journal;"18765297";0,118;Q4;2;3;6;53;1;6;0,00;17,67;Netherlands;"Bentham Science Publishers B.V.";"Neurology (clinical) (Q4); Surgery (Q4)"
312;19700182733;"Neurologia Argentina";journal;"18531490, 18530028";0,117;Q4;4;56;170;1007;12;118;0,13;17,98;Spain;"Elsevier Doyma";"Neurology (Q4); Neurology (clinical) (Q4)"
313;12751;"Japanese Journal of Neurosurgery";journal;"0917950";0,114;Q4;6;87;219;1511;10;218;0,04;17,37;Japan;"Nihon No Shinkei Geka Konguresu/Japanese Congress of Neurological Surgeons";"Neurology (clinical) (Q4); Surgery (Q4)"
314;21100315995;"Interdisciplinary Neurosurgery: Advanced Techniques and Case Management";journal;"22147519";0,113;Q4;4;47;37;643;5;36;0,14;13,68;Netherlands;"Elsevier BV";"Neurology (clinical) (Q4); Surgery (Q4)"
315;5100155058;"Aktualnosci Neurologiczne";journal;"16419227";0,112;Q4;4;29;91;771;6;91;0,09;26,59;Poland;"Malgorzata Pachecka";"Neurology (clinical) (Q4)"
316;21100813776;"Epilepsy Research and Treatment";journal;"20901348, 20901356";0,111;Q4;3;1;2;52;0;2;0,00;52,00;Egypt;"Hindawi Publishing Corporation";"Neurology (clinical) (Q4)"
317;16243;"Journal fr Neurologie, Neurochirurgie und Psychiatrie";journal;"16809440, 16081587";0,111;Q4;6;33;92;715;4;80;0,07;21,67;Austria;"Krause & Pachernegg GmbH";"Neurology (clinical) (Q4); Psychiatry and Mental Health (Q4); Surgery (Q4)"
318;4700152448;"Yeni Symposium";journal;"13008773, 13044591";0,111;Q4;6;34;71;810;3;61;0,07;23,82;Turkey;"Cerrahpasa Tip Fakultesi Psikiyatri Klinigi";"Biological Psychiatry (Q4); Neurology (clinical) (Q4); Psychiatry and Mental Health (Q4)"
319;21100820732;"Romanian Journal of Neurology/ Revista Romana de Neurologie";journal;"18438148, 20696094";0,110;Q4;3;38;105;1326;9;102;0,05;34,89;Romania;"Editura Medicala";"Neurology (Q4); Neurology (clinical) (Q4)"
320;144607;"Neuroforum";journal;"09470875";0,110;Q4;3;22;57;242;3;52;0,03;11,00;Germany;"Walter de Gruyter GmbH";"Neurology (Q4); Neurology (clinical) (Q4)"
321;20500195018;"European Neurological Journal";journal;"20418000";0,109;Q4;3;0;21;0;3;21;0,00;0,00;United Kingdom;"San Lucas Medical";"Neurology (Q4); Neurology (clinical) (Q4)"
322;17623;"Aktuelle Neurologie";journal;"14389428, 03024350";0,109;Q4;15;0;45;0;5;41;0,00;0,00;Germany;"Georg Thieme Verlag";"Neurology (clinical) (Q4)"
323;16852;"Klinische Neurophysiologie";journal;"14340275, 14394081";0,109;Q4;7;41;102;944;7;93;0,08;23,02;Germany;"Georg Thieme Verlag";"Neurology (clinical) (Q4); Physiology (medical) (Q4)"
324;19700187811;"Kranion";journal;"15778843";0,108;Q4;2;0;32;0;3;22;0,19;0,00;Spain;"Publicaciones Permanyer";"Neurology (clinical) (Q4)"
325;21100853007;"Archives of Neuroscience";journal;"23223944, 23225769";0,108;Q4;1;0;3;0;0;3;0,00;0,00;Netherlands;"Kowsar Medical Publishing Company";"Neurology (clinical) (Q4); Neuroscience (miscellaneous) (Q4); Psychiatry and Mental Health (Q4)"
326;17500155017;"Medecine du Sommeil";journal;"17694493";0,106;Q4;4;22;63;657;2;48;0,06;29,86;France;"Elsevier Masson";"Behavioral Neuroscience (Q4); Cognitive Neuroscience (Q4); Neurology (Q4); Neurology (clinical) (Q4); Neuropsychology and Physiological Psychology (Q4)"
327;19700201411;"Current Clinical Neurology";book series;"15590585";0,105;Q4;4;0;175;0;4;167;0,04;0,00;United States;"Springer Science + Business Media";"Neurology (clinical) (Q4)"
328;145368;"Zeitschrift fr Epileptologie";journal;"16176782, 16100646";0,105;Q4;6;49;127;1337;8;101;0,09;27,29;Germany;"Steinkopff";"Neurology (clinical) (Q4); Pediatrics, Perinatology and Child Health (Q4)"
329;19700175118;"Revista Mexicana de Neurociencia";journal;"16655044";0,105;Q4;4;0;145;0;10;133;0,07;0,00;Mexico;"Academia Mexicana de Neurologia";"Neurology (Q4); Neurology (clinical) (Q4); Neuropsychology and Physiological Psychology (Q4); Public Health, Environmental and Occupational Health (Q4)"
330;21100790785;"Iranian Journal of Neurology";journal;"2008384, 22520058";0,105;Q4;2;1;5;52;0;5;0,00;52,00;Iran;"Tehran University of Medical Sciences";"Neurology (clinical) (Q4)"
331;21100456200;"British Journal of Neuroscience Nursing";journal;"17470307";0,105;Q4;1;1;7;4;0;5;0,00;4,00;United Kingdom;"Mark Allen Publishing Ltd.";"Neurology (clinical) (Q4); Nursing (miscellaneous) (Q4)"
332;19700174633;"Turk Noroloji Dergisi";journal;"1301062";0,104;Q4;3;44;140;846;11;116;0,13;19,23;Turkey;"Turkish Journal of Neurology";"Neurology (clinical) (Q4)"
333;21100199761;"Open Spine Journal";journal;"18765327";0,103;Q4;2;0;7;0;0;7;0,00;0,00;Netherlands;"Bentham Science Publishers B.V.";"Neurology (clinical) (Q4); Orthopedics and Sports Medicine (Q4)"
334;21100258754;"Brain Research Journal";journal;"19352875";0,103;Q4;1;0;31;0;1;31;0,04;0,00;United States;"Nova Science Publishers Inc.";"Neurology (Q4); Neurology (clinical) (Q4)"
335;19700175274;"Pratique Neurologique - FMC";journal;"18787762";0,103;Q4;2;55;168;1163;4;136;0,04;21,15;France;"Elsevier Masson";"Neurology (clinical) (Q4)"
336;3200147816;"Chinese Journal of Cerebrovascular Diseases";journal;"16725921";0,103;Q4;4;113;427;2037;28;420;0,10;18,03;China;"China Association of Doctors";"Cardiology and Cardiovascular Medicine (Q4); Neurology (clinical) (Q4); Radiology, Nuclear Medicine and Imaging (Q4)"
337;20011;"Chinese Journal of Neurology";journal;"10067876";0,103;Q4;7;131;382;2027;12;377;0,03;15,47;China;"Zhonghua Yixeuehui Zazhishe/Chinese Medical Association Publishing House";"Neurology (Q4); Neurology (clinical) (Q4)"
338;15118;"Neuro-Ophthalmology Japan";journal;"02897024";0,103;Q4;3;43;110;552;1;109;0,00;12,84;Japan;"Japanese Neuro-Ophthalmology Society";"Neurology (clinical) (Q4); Ophthalmology (Q4)"
339;17600155040;"Journal of Clinical Neurology";journal;"10041648";0,102;Q4;3;0;176;0;3;176;0,02;0,00;China;"Chinese Electronic Periodical Services";"Neurology (Q4); Neurology (clinical) (Q4)"
340;130169;"Sinapse";journal;"1645281";0,102;Q4;5;15;61;234;2;52;0,04;15,60;Portugal;"Sociedade Portuguesa de Neurologia";"Cellular and Molecular Neuroscience (Q4); Neurology (clinical) (Q4)"
341;21100229204;"International Journal of Functional Informatics and Personalised Medicine";journal;"17562104, 17562112";0,102;Q4;7;0;20;0;1;18;0,08;0,00;Switzerland;"Inderscience Publishers";"Neurology (clinical) (Q4)"
342;21100364636;"International Journal of Epilepsy";journal;"22136320";0,102;Q4;2;19;20;308;3;14;0,21;16,21;India;"Reed-Elsevier (India) Private Limited";"Neurology (clinical) (Q4)"
343;7200153153;"Journal of Epilepsy and Clinical Neurophysiology";journal;"16762649";0,101;Q4;10;0;22;0;0;19;0,00;0,00;Brazil;"Liga Brasileira de Epilepsia";"Neurology (Q4); Neurology (clinical) (Q4); Physiology (medical) (Q4)"
344;14924;"Confinia Cephalalgica";journal;"11220279";0,101;Q4;3;4;24;21;0;24;0,00;5,25;France;"Masson Publishing";"Neurology (Q4); Neurology (clinical) (Q4)"
345;19287;"Revista Ecuatoriana de Neurologia";journal;"10198113";0,101;Q4;4;19;27;539;0;25;0,00;28,37;Ecuador;"Sociedad Ecuatoriana de Neurologia";"Neurology (Q4); Neurology (clinical) (Q4)"
346;17523;"Neurologia Croatica";journal;"03538842";0,101;Q4;5;5;96;130;2;85;0,04;26,00;Croatia;"Neuroloske Klinke I Zavoda Za Neuropatologiju Klinickog Bolnick Og Centra I Medicinskog Fakulteta Sveucilista U Zagrebu";"Neurology (clinical) (Q4)"
347;21100823135;"Journal of Neuroendovascular Therapy";journal;"18824072, 21862494";0,101;Q4;3;4;33;51;0;33;0,00;12,75;Japan;"The Japanese Society of Neuroendovascular Therapy";"Cardiology and Cardiovascular Medicine (Q4); Neurology (clinical) (Q4)"
348;19909;"Journal of the Japan Epilepsy Society";journal;"13475509, 09120890";0,101;Q4;3;23;37;332;0;35;0,00;14,43;Japan;"Nihon Tenkan Gakkai/Japan Epilepsy Society";"Neurology (Q4); Neurology (clinical) (Q4)"
349;19259;"Revista Brasileira de Neurologia e Psiquiatria";journal;"14140365";0,100;Q4;1;20;48;535;0;42;0,00;26,75;Brazil;"Editora Cientifica Nacional";"Neurology (Q4); Neurology (clinical) (Q4); Neuropsychology and Physiological Psychology (Q4); Psychiatry and Mental Health (Q4)"
350;23950;"Neurophysiologie-Labor";journal;"14394847";0,100;Q4;3;22;46;367;0;45;0,00;16,68;Netherlands;"Elsevier BV";"Neurology (clinical) (Q4); Pathology and Forensic Medicine (Q4); Physiology (medical) (Q4)"
351;91878;"Archivos de Neurociencias";journal;"10285938";0,100;Q4;5;40;99;1283;0;89;0,00;32,08;Mexico;"Instituto Nacional de Neurologia y Neurocirugia Manuel Velosco Suarez";"Neurology (Q4); Neurology (clinical) (Q4)"
352;17283;"Bollettino - Lega Italiana contro l'Epilessia";journal;"0394560";0,100;Q4;3;0;140;0;0;138;0,00;0,00;Italy;"Lega Italiana contro I'Epilessia";"Neurology (clinical) (Q4)"
353;21100426625;"Diagnostics in Neuropsychiatry";journal;"24058017";;-;0;1;0;68;0;0;0,00;68,00;Netherlands;"Elsevier BV";"Behavioral Neuroscience; Neurology; Neurology (clinical)"
354;21100403234;"Alzheimer's and Dementia: Diagnosis, Assessment and Disease Monitoring";journal;"23528729";;-;12;68;0;2529;0;0;0,00;37,19;Netherlands;"Elsevier BV";"Neurology (clinical); Psychiatry and Mental Health"
355;21100415705;"Alzheimer's and Dementia: Translational Research and Clinical Interventions";journal;"23528737";;-;8;22;0;696;0;0;0,00;31,64;United States;"Elsevier Inc.";"Neurology (clinical); Psychiatry and Mental Health"
356;21100836861;"Advances in Autism";journal;"20563876, 20563868";;-;3;10;0;459;0;0;0,00;45,90;United Kingdom;"Emerald Group Publishing Ltd.";"Cognitive Neuroscience; Developmental and Educational Psychology; Neurology; Neurology (clinical); Psychiatry and Mental Health"
357;21100853554;"Neurology and Clinical Neuroscience";journal;"20494173";;-;2;1;1;27;1;0;0,00;27,00;United Kingdom;"Wiley-Blackwell Publishing Ltd";"Neurology; Neurology (clinical)"
358;21100786205;"Experimental Neurobiology";journal;"12262560, 20938144";;-;4;1;0;37;0;0;0,00;37,00;South Korea;"Korean Society for Brain and Neural Science";"Cellular and Molecular Neuroscience; Neurology (clinical)"
359;21100396116;"Cerebrovascular Diseases Extra";journal;"16645456";;-;5;18;0;118;0;0;0,00;6,56;Switzerland;"S. Karger AG";"Cardiology and Cardiovascular Medicine; Neurology; Neurology (clinical)"
360;21100398887;"Journal of Stroke";journal;"22876405, 22876391";;-;14;50;0;1761;0;0;0,00;35,22;South Korea;"Korean Stroke Society";"Cardiology and Cardiovascular Medicine; Neurology (clinical)"
361;21100831450;"Annual Review of Vision Science";journal;"23744650, 23744642";;-;4;1;0;0;0;0;0,00;0,00;United States;"Annual Reviews Inc.";"Neurology (clinical); Ophthalmology"
